id,name,locale,all_characters,character_count,source_file
00000422,Ukrainian,uk-UA," ,!,"",%,(,),*,+,,,-,.,/,0,1,2,3,4,5,6,7,8,9,:,;,=,?,\,_,Ё,Є,І,Ї,А,Б,В,Г,Д,Е,Ж,З,И,Й,К,Л,М,Н,О,П,Р,С,Т,У,Ф,Х,Ц,Ч,Ш,Щ,Ь,Ю,Я,а,б,в,г,д,е,ж,з,и,й,к,л,м,н,о,п,р,с,т,у,ф,х,ц,ч,ш,щ,ь,ю,я,ё,є,і,ї,Ґ,ґ,№",97,KBDUR.ldml
00010437,Georgian (QWERTY),ka-GE," ,!,"",#,$,%,&,',(,),*,+,,,-,.,/,0,1,2,3,4,5,6,7,8,9,:,;,<,=,>,?,@,N,[,\,],^,_,{,|,},~,©,«,®,°,»,ა,ბ,გ,დ,ე,ვ,ზ,თ,ი,კ,ლ,მ,ნ,ო,პ,ჟ,რ,ს,ტ,უ,ფ,ქ,ღ,ყ,შ,ჩ,ც,ძ,წ,ჭ,ხ,ჯ,ჰ,ჱ,ჲ,ჳ,ჴ,ჵ,ჶ,ჷ,ჸ,ჹ,ჺ,჻,ჼ,–,—,“,„,€,₾",99,kbdgeoqw.ldml
000d0c00,Ol Chiki,sat-Olck," ,,,-,.,᱐,᱑,᱒,᱓,᱔,᱕,᱖,᱗,᱘,᱙,ᱚ,ᱛ,ᱜ,ᱝ,ᱞ,ᱟ,ᱠ,ᱡ,ᱢ,ᱣ,ᱤ,ᱥ,ᱦ,ᱧ,ᱨ,ᱩ,ᱪ,ᱫ,ᱬ,ᱭ,ᱮ,ᱯ,ᱰ,ᱱ,ᱲ,ᱳ,ᱴ,ᱵ,ᱶ,ᱷ,ᱸ,ᱹ,ᱺ,ᱻ,ᱼ,ᱽ,᱾,᱿,₹",53,KBDOLCH.ldml
00050409,US English Table for IBM Arabic 238_L,en-US," ,!,"",#,$,%,&,',(,),*,+,,,-,.,/,0,1,2,3,4,5,6,7,8,9,:,;,<,=,>,?,@,A,B,C,D,E,F,G,H,I,J,K,L,M,N,O,P,Q,R,S,T,U,V,W,X,Y,Z,[,\,],^,_,`,a,b,c,d,e,f,g,h,i,j,k,l,m,n,o,p,q,r,s,t,u,v,w,x,y,z,{,|,},~",95,KBDUSA.ldml
0000045b,Sinhala,si-LK," ,!,"",$,%,&,',(,),*,+,,,-,.,/,0,1,2,3,4,5,6,7,8,9,:,;,=,?,@,\u{DCA}‍ය,\u{DCA}‍ර,^,_, ,ං,ඃ,අ,ආ,ඇ,ඈ,ඉ,ඊ,උ,ඌ,ඍ,ඎ,ඏ,ඐ,එ,ඒ,ඓ,ඔ,ඕ,ඖ,ක,ඛ,ග,ඝ,ඞ,ඟ,ච,ඡ,ජ,ඣ,ඤ,ඥ,ඦ,ට,ඨ,ඩ,ඪ,ණ,ඬ,ත,ථ,ද,ධ,න,ඳ,ප,ඵ,බ,භ,ම,ඹ,ය,ර,ර\u{DCA}‍,ල,ව,ශ,ෂ,ස,හ,ළ,ළ\u{DD4},ෆ,්,ා,ැ,ෑ,ි,ී,ු,ූ,ෘ,ෙ,ේ,ෛ,ො,ෝ,ෞ,ෟ,ෲ,ෳ,෴,‍",118,KBDSN1.ldml
0000042c,Azerbaijani Latin,az-Latn-AZ," ,!,"",%,(,),*,+,,,-,.,/,0,1,2,3,4,5,6,7,8,9,:,;,=,?,@,A,B,C,D,E,F,G,H,I,J,K,L,M,N,O,P,Q,R,S,T,U,V,X,Y,Z,\,_,`,a,b,c,d,e,f,g,h,i,j,k,l,m,n,o,p,q,r,s,t,u,v,x,y,z,~,Ç,Ö,Ü,ç,ö,ü,Ğ,ğ,İ,ı,Ş,ş,Ə,ə,₼,№",97,KBDAZEL.ldml
0002042e,Sorbian Standard,hsb-DE," ,!,"",#,$,%,&,',(,),*,+,,,-,.,/,0,1,2,3,4,5,6,7,8,9,:,;,<,=,>,?,@,A,B,C,D,E,F,G,H,I,J,K,L,M,N,O,P,Q,R,S,T,U,V,W,X,Y,Z,[,\,\m{^},\m{`},\m{´},],_,a,b,c,d,e,f,g,h,i,j,k,l,m,n,o,p,q,r,s,t,u,v,w,x,y,z,{,|,},~,§,°,²,³,µ,Ä,Ö,Ü,ß,ä,ö,ü,€",109,KBDSORS1.ldml
00000444,Tatar (Legacy),tt-RU," ,!,"",#,$,%,',(,),*,+,,,-,.,/,0,1,2,3,4,5,6,7,8,9,:,;,<,=,>,?,@,[,\,],_,{,},Ё,А,Б,В,Г,Д,Е,Ж,З,И,Й,К,Л,М,Н,О,П,Р,С,Т,У,Ф,Х,Ц,Ч,Ш,Щ,Ъ,Ы,Ь,Э,Ю,Я,а,б,в,г,д,е,ж,з,и,й,к,л,м,н,о,п,р,с,т,у,ф,х,ц,ч,ш,щ,ъ,ы,ь,э,ю,я,ё,Ґ,ґ,Ғ,ғ,Җ,җ,Ҡ,ҡ,Ң,ң,Ү,ү,Һ,һ,Ә,ә,Ө,ө,₽,№",124,KBDTAT.ldml
0000082c,Azerbaijani Cyrillic,az-Cyrl-AZ," ,!,"",%,(,),*,+,,,-,.,/,0,1,2,3,4,5,6,7,8,9,:,;,=,?,@,\,_,`,|,~,Ј,А,Б,В,Г,Д,Е,Ж,З,И,К,Л,М,Н,О,П,Р,С,Т,У,Ф,Х,Ч,Ш,Ы,а,б,в,г,д,е,ж,з,и,к,л,м,н,о,п,р,с,т,у,ф,х,ч,ш,ы,ј,Ғ,ғ,Ҝ,ҝ,Ү,ү,Ҹ,ҹ,Һ,һ,Ә,ә,Ө,ө,₼,№",98,KBDAZE.ldml
00050429,Persian (Standard),fa-IR," ,!,(,),*,+,-,.,/,:,<,=,>,[,\,],{,|,},«,»,×,،,؛,؟,ء,آ,أ,ؤ,إ,ئ,ا,ب,ة,ت,ث,ج,ح,خ,د,ذ,ر,ریال,ز,س,ش,ص,ض,ط,ظ,ع,غ,ـ,ف,ق,ك,ل,م,ن,ه,و,ي,ً,ٌ,ٍ,َ,ُ,ِ,ّ,ْ,ٔ,٪,٫,٬,ٰ,پ,چ,ژ,ک,گ,ی,۰,۱,۲,۳,۴,۵,۶,۷,۸,۹,‌,‍,‎,‏",95,kbdfar.ldml
0001045b,Sinhala - Wij 9,si-LK," ,!,"",#,$,%,&,',(,),*,+,,,-,.,/,0,1,2,3,4,5,6,7,8,9,:,;,<,=,>,?,@,A,B,C,D,E,F,G,H,I,J,K,L,M,N,O,P,Q,R,S,T,U,V,W,X,Y,Z,[,\,\u{DCA}‍,\u{DCA}‍ය,\u{DCA}‍ර,],^,_,`,a,b,c,d,e,f,g,h,i,j,k,l,m,n,o,p,q,r,s,t,u,v,w,x,y,z,{,|,},~,¡,£,¤,¥,²,³,¹,¼,½,¾,×,÷,ං,ඃ,අ,ආ,ඇ,ඈ,ඉ,ඊ,උ,ඌ,ඍ,ඎ,ඏ,ඐ,එ,ඒ,ඓ,ඔ,ඕ,ඖ,ක,ඛ,ග,ඝ,ඞ,ඟ,ච,ඡ,ජ,ඣ,ඤ,ඥ,ඦ,ට,ඨ,ඩ,ඪ,ණ,ඬ,ත,ථ,ද,ධ,න,ඳ,ප,ඵ,බ,භ,ම,ඹ,ය,ර,ර\u{DCA}‍,ල,ව,ශ,ෂ,ස,හ,ළ,ළ\u{DD4},ෆ,්,ා,ැ,ෑ,ි,ී,ු,ූ,ෘ,ෙ,ේ,ෛ,ො,ෝ,ෞ,ෟ,ෲ,ෳ,෴,‌,‍,‘,’,€",197,KBDSW09.ldml
00020437,Georgian (Ergonomic),ka-GE," ,!,"",#,$,%,&,',(,),*,+,,,-,.,/,0,1,2,3,4,5,6,7,8,9,:,;,<,=,>,?,@,C,D,I,L,M,V,X,[,\,],^,_,`,{,|,},~,§,«,°,»,ა,ბ,გ,დ,ე,ვ,ზ,თ,ი,კ,ლ,მ,ნ,ო,პ,ჟ,რ,ს,ტ,უ,ფ,ქ,ღ,ყ,შ,ჩ,ც,ძ,წ,ჭ,ხ,ჯ,ჰ,ჱ,ჲ,ჳ,ჴ,ჵ,ჶ,ჷ,ჸ,ჹ,ჺ,჻,ჼ,—,“,„,€,№",104,kbdgeoer.ldml
00000451,Tibetan (PRC),bo-CN," ,-,\m{M},\m{m},ༀ,༁,༂,༃,༆,༇,༉,༊,་,༌,།,༏,༐,༒,༓,༕,༖,༗,༘,༙,༚,༛,༜,༝,༞,༟,༠,༡,༢,༣,༤,༥,༦,༧,༨,༩,༪,༫,༬,༭,༮,༯,༰,༱,༲,༳,༴,༶,༸,༺,༻,༼,༽,༾,༿,ཀ,ཁ,ག,གྷ,ང,ཅ,ཆ,ཇ,ཉ,ཊ,ཋ,ཌ,ཎ,ཏ,ཐ,ད,དྷ,ན,པ,ཕ,བ,བྷ,མ,ཙ,ཚ,ཛ,ཛྷ,ཝ,ཞ,ཟ,འ,ཡ,ར,ལ,ཤ,ཥ,ས,ཧ,ཨ,ཀྵ,ཪ,ཱ,ི,ཱི,ུ,ཱུ,ྲྀ,ཷ,ླྀ,ཹ,ེ,ོ,ྂ,྆,྇,ྈ,ྉ,ྊ,ྋ,ྚ,ྛ,ྜ,ྞ,ྵ,ྐྵ,ྻ,ྼ,྾,྿,࿀,࿁,࿂,࿃,࿄,࿅,࿆,࿇,࿈,࿉,࿊,࿋,࿌,࿏",142,KBDTIPRC.ldml
00060408,Greek Polytonic,el-GR," ,!,#,$,%,&,(,),*,,,-,.,0,1,2,3,4,5,6,7,8,9,<,>,@,\m{""},\m{'},\m{+},\m{-},\m{/},\m{:},\m{;},\m{=},\m{?},\m{[},\m{\},\m{]},\m{_},\m{`},\m{{},\m{|},\m{}},\m{~},\m{¨},\m{«},\m{¬},\m{»},\m{½},\m{΄},\m{΅},\m{ι},\m{᾿},\m{῁},\m{῝},\m{῞},\m{῟},\m{´},\m{῾},^,£,¤,¥,¦,§,©,®,°,±,²,³,¶,·,Α,Β,Γ,Δ,Ε,Ζ,Η,Θ,Ι,Κ,Λ,Μ,Ν,Ξ,Ο,Π,Ρ,Σ,Τ,Υ,Φ,Χ,Ψ,Ω,α,β,γ,δ,ε,ζ,η,θ,ι,κ,λ,μ,ν,ξ,ο,π,ρ,ς,σ,τ,υ,φ,χ,ψ,ω,Ϛ,Ϟ,Ϡ,€",125,KBDHEPT.ldml
0000085f,Central Atlas Tamazight,tzm-Latn-DZ," ,!,"",#,$,%,&,',(,),*,+,,,-,.,/,0,1,2,3,4,5,6,7,8,9,:,;,<,=,>,?,@,A,B,C,D,E,F,G,H,I,J,K,L,M,N,O,P,Q,R,S,T,U,V,W,X,Y,Z,[,\,\m{^},\m{`},\m{~},\m{¨},],^,_,a,b,c,d,e,f,g,h,i,j,k,l,m,n,o,p,q,r,s,t,u,v,w,x,y,z,{,|,},£,¤,§,°,²,µ,à,ç,è,é,ù,€",109,KBDTZM.ldml
0000040b,Finnish,fi-FI," ,!,"",#,$,%,&,',(,),*,+,,,-,.,/,0,1,2,3,4,5,6,7,8,9,:,;,<,=,>,?,@,A,B,C,D,E,F,G,H,I,J,K,L,M,N,O,P,Q,R,S,T,U,V,W,X,Y,Z,[,\,\m{^},\m{`},\m{~},\m{¨},\m{´},],_,a,b,c,d,e,f,g,h,i,j,k,l,m,n,o,p,q,r,s,t,u,v,w,x,y,z,{,|,},£,¤,§,µ,½,Ä,Å,Ö,ä,å,ö,€",109,KBDFI.ldml
0001041b,Slovak (QWERTY),sk-SK," ,!,"",#,$,%,&,',(,),*,+,,,-,.,/,0,1,2,3,4,5,6,7,8,9,:,;,<,=,>,?,@,A,B,C,D,E,F,G,H,I,J,K,L,M,N,O,P,Q,R,S,T,U,V,W,X,Y,Z,[,\,\m{^},\m{¨},\m{°},\m{´},\m{¸},\m{ˇ},\m{˘},\m{˙},\m{˛},\m{˝},],_,`,a,b,c,d,e,f,g,h,i,j,k,l,m,n,o,p,q,r,s,t,u,v,w,x,y,z,{,|,},~,¤,§,×,ß,á,ä,é,í,ô,÷,ú,ý,č,Đ,đ,ľ,Ł,ł,ň,š,ť,ž,€",127,KBDSL1.ldml
00030437,Georgian (MES),ka-GE," ,!,"",#,$,%,&,',(,),*,+,,,-,.,/,0,1,2,3,4,5,6,7,8,9,:,;,<,=,>,?,@,A,B,C,D,E,F,G,H,I,J,K,L,M,N,O,P,Q,R,S,T,U,V,W,X,Y,Z,[,\,],^,_,`,|,~,§,«,°,»,ა,ბ,გ,დ,ე,ვ,ზ,თ,ი,კ,ლ,მ,ნ,ო,პ,ჟ,რ,ს,ტ,უ,ფ,ქ,ღ,ყ,შ,ჩ,ც,ძ,წ,ჭ,ხ,ჯ,ჰ,ჱ,ჲ,ჳ,ჴ,ჵ,ჶ,ჷ,ჹ,ჺ,჻,ჼ,–,—,€,№",119,kbdgeome.ldml
00020409,United States-International,en-US," ,!,#,$,%,&,(,),*,+,,,-,.,/,0,1,2,3,4,5,6,7,8,9,:,;,<,=,>,?,@,A,B,C,D,E,F,G,H,I,J,K,L,M,N,O,P,Q,R,S,T,U,V,W,X,Y,Z,[,\,\m{""},\m{'},\m{^},\m{`},\m{~},],_,a,b,c,d,e,f,g,h,i,j,k,l,m,n,o,p,q,r,s,t,u,v,w,x,y,z,{,|,},¡,¢,£,¤,¥,¦,§,¨,©,«,¬,®,°,²,³,´,µ,¶,¹,»,¼,½,¾,¿,Á,Ä,Å,Æ,Ç,É,Í,Ð,Ñ,Ó,Ö,×,Ø,Ú,Ü,Þ,ß,á,ä,å,æ,ç,é,í,ð,ñ,ó,ö,÷,ø,ú,ü,þ,‘,’,€",155,KBDUSX.ldml
0000100c,Swiss French,fr-CH," ,!,"",#,$,%,&,',(,),*,+,,,-,.,/,0,1,2,3,4,5,6,7,8,9,:,;,<,=,>,?,@,A,B,C,D,E,F,G,H,I,J,K,L,M,N,O,P,Q,R,S,T,U,V,W,X,Y,Z,[,\,\m{^},\m{`},\m{~},\m{¨},\m{´},],_,a,b,c,d,e,f,g,h,i,j,k,l,m,n,o,p,q,r,s,t,u,v,w,x,y,z,{,|,},¢,£,¦,§,¬,°,à,ä,ç,è,é,ö,ü,€",111,KBDSF.ldml
0000042b,Armenian Eastern (Legacy),hy-AM," ,',(,),,,-,.,1,3,4,9,:,«,»,Ա,Բ,Գ,Դ,Ե,Զ,Է,Ը,Թ,Ժ,Ի,Լ,Խ,Ծ,Կ,Հ,Ձ,Ղ,Ճ,Մ,Յ,Ն,Շ,Ո,Չ,Պ,Ջ,Ռ,Ս,Վ,Տ,Ր,Ց,Ւ,Փ,Ք,Օ,Ֆ,՛,՜,՝,՞,ա,բ,գ,դ,ե,զ,է,ը,թ,ժ,ի,լ,խ,ծ,կ,հ,ձ,ղ,ճ,մ,յ,ն,շ,ո,չ,պ,ջ,ռ,ս,վ,տ,ր,ց,ւ,փ,ք,օ,ֆ,և",95,kbdarme.ldml
0000041f,Turkish Q,tr-TR," ,!,"",#,$,%,&,',(,),*,+,,,-,.,/,0,1,2,3,4,5,6,7,8,9,:,;,<,=,>,?,@,A,B,C,D,E,F,G,H,I,J,K,L,M,N,O,P,Q,R,S,T,U,V,W,X,Y,Z,[,\,\m{^},\m{`},\m{~},\m{¨},\m{´},],_,a,b,c,d,e,f,g,h,i,j,k,l,m,n,o,p,q,r,s,t,u,v,w,x,y,z,{,|,},£,½,Æ,Ç,Ö,Ü,ß,æ,ç,é,ö,ü,Ğ,ğ,İ,ı,Ş,ş,€,₺",117,KBDTUQ.ldml
00030402,Bulgarian,bg-BG," ,!,"",$,%,(,),+,,,-,.,/,0,1,2,3,4,5,6,7,8,9,:,;,=,?,§,Ѝ,А,Б,В,Г,Д,Е,Ж,З,И,Й,К,Л,М,Н,О,П,Р,С,Т,У,Ф,Х,Ц,Ч,Ш,Щ,Ъ,Ы,Ь,Э,Ю,Я,а,б,в,г,д,е,ж,з,и,й,к,л,м,н,о,п,р,с,т,у,ф,х,ц,ч,ш,щ,ъ,ы,ь,э,ю,я,ѝ,–,“,„,€,№",98,KBDBULG.ldml
00060409,Colemak,en-US," ,!,"",#,$,%,&,',(,),*,+,,,-,.,/,0,1,2,3,4,5,6,7,8,9,:,;,<,=,>,?,@,A,B,C,D,E,F,G,H,I,J,K,L,M,N,O,P,Q,R,S,T,U,V,W,X,Y,Z,[,\,\m{*},\m{^},\m{`},\m{~},\m{¨},\m{¯},\m{´},\m{¸},\m{ˇ},\m{˘},\m{˙},\m{˚},\m{˛},\m{˝},],^,_,`,a,b,c,d,e,f,g,h,i,j,k,l,m,n,o,p,q,r,s,t,u,v,w,x,y,z,{,|,},~, ,¡,¢,£,¥,ª,«,²,³,¹,º,»,¿,Á,Ã,Ä,Å,Æ,Ç,É,Í,Ð,Ñ,Ó,Õ,Ö,×,Ø,Ú,Ü,Þ,ß,á,ã,ä,å,æ,ç,é,í,ð,ñ,ó,õ,ö,÷,ø,ú,ü,þ,Đ,đ,Ħ,ħ,Ł,ł,Œ,œ,ẞ,–,—,‘,’,“,”,‹,›,€",177,KBDCMK.ldml
00010445,Bangla – INSCRIPT (Legacy),bn-IN," ,!,(,),,,-,.,@,ঁ,ং,ঃ,অ,আ,ই,ঈ,উ,ঊ,ঋ,এ,ঐ,ও,ঔ,ক,ক\u{9CD}ষ,খ,গ,ঘ,ঙ,চ,ছ,জ,জ\u{9CD}ঞ,ঝ,ঞ,ট,ঠ,ড,ঢ,ণ,ত,ত\u{9CD}র,থ,দ,ধ,ন,প,ফ,ব,ভ,ম,য,র,র\u{9CD},ল,শ,শ\u{9CD}র,ষ,স,হ,়,া,ি,ী,ু,ূ,ৃ,ে,ৈ,ো,ৌ,্,য়,০,১,২,৩,৪,৫,৬,৭,৮,৯,‌,‍,₹",85,KBDINBE1.ldml
00000420,Urdu,ur-PK," ,!,"",#,$,',(,),+,-,/,0,1,2,3,4,5,6,7,8,9,:,<,=,>,@,[,\,],^,_,`,{,|,},~,،,؛,؟,ء,آ,أ,ؤ,إ,ئ,ا,ب,ت,ث,ج,ح,خ,د,ذ,ر,ز,س,ش,ص,ض,ط,ظ,ع,غ,ـ,ف,ق,ل,م,ن,و,ي,ً,ٌ,ٍ,َ,ُ,ِ,ّ,ْ,٪,٭,ٹ,پ,چ,ڈ,ڑ,ژ,ک,گ,ں,ھ,ہ,ۂ,ۃ,ی,ے,ۓ,۔,ۖ,ۙ,ۢ,‌,‍,‎,‏,ﻲ",107,KBDURDU.ldml
00010415,Polish (214),pl-PL," ,!,"",#,$,%,&,',(,),*,+,,,-,.,/,0,1,2,3,4,5,6,7,8,9,:,;,<,=,>,?,@,A,B,C,D,E,F,G,H,I,J,K,L,M,N,O,P,Q,R,S,T,U,V,W,X,Y,Z,\,\m{^},\m{¨},\m{°},\m{´},\m{·},\m{¸},\m{ˇ},\m{˘},\m{˛},\m{˝},_,`,a,b,c,d,e,f,g,h,i,j,k,l,m,n,o,p,q,r,s,t,u,v,w,x,y,z,{,},~,¤,¦,§,×,ß,ó,÷,ą,ć,Đ,đ,ę,Ł,ł,ń,ś,ź,ż,€",120,KBDPL.ldml
00000419,Russian,ru-RU," ,!,"",%,(,),*,+,,,-,.,/,0,1,2,3,4,5,6,7,8,9,:,;,=,?,\,_,Ё,А,Б,В,Г,Д,Е,Ж,З,И,Й,К,Л,М,Н,О,П,Р,С,Т,У,Ф,Х,Ц,Ч,Ш,Щ,Ъ,Ы,Ь,Э,Ю,Я,а,б,в,г,д,е,ж,з,и,й,к,л,м,н,о,п,р,с,т,у,ф,х,ц,ч,ш,щ,ъ,ы,ь,э,ю,я,ё,₽,№",96,KBDRU.ldml
0000043f,Kazakh,kk-KZ," ,!,"",(,),,,-,.,/,:,;,?,\,|,І,А,Б,В,Г,Д,Е,Ж,З,И,Й,К,Л,М,Н,О,П,Р,С,Т,У,Ф,Х,Ц,Ч,Ш,Щ,Ъ,Ы,Ь,Э,Ю,Я,а,б,в,г,д,е,ж,з,и,й,к,л,м,н,о,п,р,с,т,у,ф,х,ц,ч,ш,щ,ъ,ы,ь,э,ю,я,і,Ғ,ғ,Қ,қ,Ң,ң,Ү,ү,Ұ,ұ,Һ,һ,Ә,ә,Ө,ө,№",97,KBDKAZ.ldml
00000480,Uyghur (Legacy),ug-CN," ,!,"",#,$,%,&,',(,),*,+,-,.,0,1,2,3,4,5,6,7,8,9,:,<,=,>,@,[,\,],^,_,`,|,~,«,»,،,؛,؟,ئ,ا,ب,ت,ج,خ,د,ر,ز,س,ش,غ,ق,ك,ل,لا,م,ن,و,ى,ي,پ,چ,ژ,ڧ,ڭ,گ,ھ,ۆ,ۇ,ۈ,ۋ,ې,ە",76,KBDUGHR.ldml
0002041e,Thai Kedmanee (non-ShiftLock),th-TH," ,"",%,(,),+,,,-,.,/,?,_,ก,ข,ฃ,ค,ฅ,ฆ,ง,จ,ฉ,ช,ซ,ฌ,ญ,ฎ,ฏ,ฐ,ฑ,ฒ,ณ,ด,ต,ถ,ท,ธ,น,บ,ป,ผ,ฝ,พ,ฟ,ภ,ม,ย,ร,ฤ,ล,ฦ,ว,ศ,ษ,ส,ห,ฬ,อ,ฮ,ฯ,ะ,ั,า,ำ,ิ,ี,ึ,ื,ุ,ู,ฺ,฿,เ,แ,โ,ใ,ไ,ๅ,ๆ,็,่,้,๊,๋,์,ํ,๐,๑,๒,๓,๔,๕,๖,๗,๘,๙",95,KBDTH2.ldml
00000809,United Kingdom,en-GB," ,!,"",#,$,%,&,',(,),*,+,,,-,.,/,0,1,2,3,4,5,6,7,8,9,:,;,<,=,>,?,@,A,B,C,D,E,F,G,H,I,J,K,L,M,N,O,P,Q,R,S,T,U,V,W,X,Y,Z,[,\,],^,_,`,a,b,c,d,e,f,g,h,i,j,k,l,m,n,o,p,q,r,s,t,u,v,w,x,y,z,{,|,},~,£,¦,¬,Á,É,Í,Ó,Ú,á,é,í,ó,ú,€",109,KBDUK.ldml
0003041e,Thai Pattachote (non-ShiftLock),th-TH," ,"",%,(,),+,,,-,.,/,=,?,_,ก,ข,ค,ฆ,ง,จ,ฉ,ช,ซ,ฌ,ญ,ฎ,ฏ,ฐ,ฑ,ฒ,ณ,ด,ต,ถ,ท,ธ,น,บ,ป,ผ,ฝ,พ,ฟ,ภ,ม,ย,ร,ฤ,ล,ฦ,ว,ศ,ษ,ส,ห,ฬ,อ,ฮ,ฯ,ะ,ั,า,ำ,ิ,ี,ึ,ื,ุ,ู,฿,เ,แ,โ,ใ,ไ,ๆ,็,่,้,๊,๋,์,ํ,๐,๑,๒,๓,๔,๕,๖,๗,๘,๙,",93,KBDTH3.ldml
00000410,Italian,it-IT," ,!,"",#,$,%,&,',(,),*,+,,,-,.,/,0,1,2,3,4,5,6,7,8,9,:,;,<,=,>,?,@,A,B,C,D,E,F,G,H,I,J,K,L,M,N,O,P,Q,R,S,T,U,V,W,X,Y,Z,[,\,],^,_,a,b,c,d,e,f,g,h,i,j,k,l,m,n,o,p,q,r,s,t,u,v,w,x,y,z,{,|,},£,§,°,à,ç,è,é,ì,ò,ù,€",104,KBDIT.ldml
00020422,Ukrainian (Enhanced),uk-UA," ,!,"",%,',(,),*,+,,,-,.,/,0,1,2,3,4,5,6,7,8,9,:,;,=,?,\,_,Є,І,Ї,А,Б,В,Г,Д,Е,Ж,З,И,Й,К,Л,М,Н,О,П,Р,С,Т,У,Ф,Х,Ц,Ч,Ш,Щ,Ь,Ю,Я,а,б,в,г,д,е,ж,з,и,й,к,л,м,н,о,п,р,с,т,у,ф,х,ц,ч,ш,щ,ь,ю,я,є,і,ї,Ґ,ґ,₴,№",97,KBDUR1.ldml
000e0c00,Osmanya,so-Osma," ,!,"",#,$,%,&,',(,),*,+,,,-,.,/,:,;,<,=,>,?,@,[,\,],^,_,`,{,|,},~,𐒀,𐒁,𐒂,𐒃,𐒄,𐒅,𐒆,𐒇,𐒈,𐒉,𐒊,𐒋,𐒌,𐒍,𐒎,𐒏,𐒐,𐒑,𐒒,𐒓,𐒔,𐒕,𐒖,𐒗,𐒘,𐒙,𐒚,𐒛,𐒜,𐒝,𐒠,𐒡,𐒢,𐒣,𐒤,𐒥,𐒦,𐒧,𐒨,𐒩",73,KBDOSM.ldml
00010439,Hindi Traditional,hi-IN," ,!,"",#,$,%,&,',(,),*,+,,,-,.,/,0,1,2,3,4,5,6,7,8,9,:,;,<,=,>,?,@,[,\,\u{94D}र,],^,_,`,{,|,},~,ँ,ं,ः,अ,आ,इ,ई,उ,ऊ,ऋ,ऍ,ए,ऐ,ऑ,ओ,औ,क,क\u{94D}ष,ख,ग,घ,ङ,च,छ,ज,ज\u{94D}ञ,झ,ञ,ट,ठ,ड,ढ,ण,त,त\u{94D}र,थ,द,ध,न,प,फ,ब,भ,म,य,र,र\u{94D},ऱ,ल,ळ,व,श,श\u{94D}र,ष,स,ह,़,ा,ि,ी,ु,ू,ृ,ॅ,े,ै,ॉ,ो,ौ,्,ॐ,य़,।,०,१,२,३,४,५,६,७,८,९,‌,‍,₹",130,KBDINHIN.ldml
00010480,Uyghur,ug-CN," ,!,"",#,$,%,&,',(,),*,+,-,.,0,1,2,3,4,5,6,7,8,9,:,<,=,>,@,[,\,],^,_,`,|,~,«,»,،,؛,؟,ئ,ا,ب,ت,ج,خ,د,ر,ز,س,ش,غ,ف,ق,ك,ل,لا,م,ن,و,ى,ي,پ,چ,ژ,ڭ,گ,ھ,ۆ,ۇ,ۈ,ۋ,ې,ە",76,KBDUGHR1.ldml
00000405,Czech,cs-CZ," ,!,"",#,$,%,&,',(,),*,+,,,-,.,/,0,1,2,3,4,5,6,7,8,9,:,;,<,=,>,?,@,A,B,C,D,E,F,G,H,I,J,K,L,M,N,O,P,Q,R,S,T,U,V,W,X,Y,Z,[,\,\m{^},\m{`},\m{¨},\m{°},\m{´},\m{¸},\m{ˇ},\m{˘},\m{˙},\m{˛},\m{˝},],_,a,b,c,d,e,f,g,h,i,j,k,l,m,n,o,p,q,r,s,t,u,v,w,x,y,z,{,|,},~,¤,§,Á,É,Í,×,Ú,Ý,ß,á,é,í,÷,ú,ý,Č,č,Đ,đ,Ě,ě,Ł,ł,Ř,ř,Š,š,Ů,ů,Ž,ž,€",136,KBDCZ.ldml
00010850,Traditional Mongolian (Standard),mn-Mong-CN," ,%,(,),+,-,0,1,2,3,4,5,6,7,8,9,=,[,],~,·,᠁,᠂,᠃,᠄,᠊,᠋,᠌,᠍,᠎,ᠠ,ᠡ,ᠢ,ᠣ,ᠤ,ᠥ,ᠦ,ᠧ,ᠨ,ᠩ,ᠪ,ᠫ,ᠬ,ᠭ,ᠮ,ᠯ,ᠰ,ᠱ,ᠲ,ᠳ,ᠴ,ᠵ,ᠶ,ᠷ,ᠸ,ᠹ,ᠺ,ᠻ,ᠼ,ᠽ,ᠾ,ᠿ,ᡀ,ᡁ,ᡂ,‌,‍, ,⁈,⁉,〈,〉,《,》,︔,︕,︖,︱",78,KBDMONST.ldml
00030409,United States-Dvorak for left hand,en-US," ,!,"",#,$,%,&,',(,),*,+,,,-,.,/,0,1,2,3,4,5,6,7,8,9,:,;,<,=,>,?,@,A,B,C,D,E,F,G,H,I,J,K,L,M,N,O,P,Q,R,S,T,U,V,W,X,Y,Z,[,\,],^,_,`,a,b,c,d,e,f,g,h,i,j,k,l,m,n,o,p,q,r,s,t,u,v,w,x,y,z,{,|,},~",95,KBDUSL.ldml
0000043a,Maltese 47-Key,mt-MT," ,!,"",$,%,&,',(,),*,+,,,-,.,/,0,1,2,3,4,5,6,7,8,9,:,;,<,=,>,?,@,A,B,C,D,E,F,G,H,I,J,K,L,M,N,O,P,Q,R,S,T,U,V,W,X,Y,Z,[,\,],^,_,`,a,b,c,d,e,f,g,h,i,j,k,l,m,n,o,p,q,r,s,t,u,v,w,x,y,z,{,|,},~,£,À,È,Ì,Ò,Ù,à,è,ì,ò,ù,Ċ,ċ,Ġ,ġ,Ħ,ħ,Ż,ż,€",114,KBDMLT47.ldml
00000807,Swiss German,de-CH," ,!,"",#,$,%,&,',(,),*,+,,,-,.,/,0,1,2,3,4,5,6,7,8,9,:,;,<,=,>,?,@,A,B,C,D,E,F,G,H,I,J,K,L,M,N,O,P,Q,R,S,T,U,V,W,X,Y,Z,[,\,\m{^},\m{`},\m{~},\m{¨},\m{´},],_,a,b,c,d,e,f,g,h,i,j,k,l,m,n,o,p,q,r,s,t,u,v,w,x,y,z,{,|,},¢,£,¦,§,¬,°,À,Ä,È,É,Ö,Ü,à,ä,ç,è,é,ö,ü,€",117,KBDSG.ldml
0002042b,Armenian Phonetic,hy-AM," ,!,"",#,$,%,&,',(,),*,+,,,-,.,/,0,1,2,3,4,5,6,7,8,9,:,;,<,=,>,?,@,[,\,],^,_,`,{,|,},~,«,»,Ա,Բ,Գ,Դ,Ե,Զ,Է,Ը,Թ,Ժ,Ի,Լ,Խ,Ծ,Կ,Հ,Ձ,Ղ,Ճ,Մ,Յ,Ն,Շ,Ո,Չ,Պ,Ջ,Ռ,Ս,Վ,Տ,Ր,Ց,Ւ,Փ,Ք,Օ,Ֆ,՛,՜,՝,՞,ա,բ,գ,դ,ե,զ,է,ը,թ,ժ,ի,լ,խ,ծ,կ,հ,ձ,ղ,ճ,մ,յ,ն,շ,ո,չ,պ,ջ,ռ,ս,վ,տ,ր,ց,ւ,փ,ք,օ,ֆ,և,։,—,․",129,kbdarmph.ldml
00020405,Czech Programmers,cs-CZ," ,!,"",#,$,%,&,',(,),*,+,,,-,.,/,0,1,2,3,4,5,6,7,8,9,:,;,<,=,>,?,@,A,B,C,D,E,F,G,H,I,J,K,L,M,N,O,P,Q,R,S,T,U,V,W,X,Y,Z,[,\,\m{^},\m{¨},\m{°},\m{´},\m{ˇ},\m{˝},],^,_,`,a,b,c,d,e,f,g,h,i,j,k,l,m,n,o,p,q,r,s,t,u,v,w,x,y,z,{,|,},~,§,×,ß,á,é,í,÷,ú,ý,č,ě,ř,š,ů,ž,€",117,KBDCZ2.ldml
00000474,Guarani,gn-PY," ,!,"",#,$,%,&,',(,),*,+,,,-,.,/,0,1,2,3,4,5,6,7,8,9,:,;,<,=,>,?,@,A,B,C,D,E,F,G,G\u{303},H,I,J,K,L,M,N,O,P,Q,R,S,T,U,V,W,X,Y,Z,[,\,\m{^},\m{`},\m{~},\m{¨},\m{´},],_,a,b,c,d,e,f,g,g\u{303},h,i,j,k,l,m,n,o,p,q,r,s,t,u,v,w,x,y,z,{,|,},¡,¬,°,¿,Ã,Ñ,Õ,ã,ñ,õ,Ĩ,ĩ,Ũ,ũ,ʼ,Ẽ,ẽ,Ỹ,ỹ,₲",119,KBDGN.ldml
0000105f,Tifinagh (Basic),tzm-Tfng-MA," ,!,"",#,$,%,&,',(,),*,+,,,-,.,/,0,1,2,3,4,5,6,7,8,9,:,;,<,=,>,?,@,[,\,],^,_,{,|,},~,£,¤,§,°,²,µ,€,ⴰ,ⴱ,ⴳ,ⴳⵯ,ⴷ,ⴹ,ⴻ,ⴼ,ⴽ,ⴽⵯ,ⵀ,ⵃ,ⵄ,ⵅ,ⵇ,ⵉ,ⵊ,ⵍ,ⵎ,ⵏ,ⵓ,ⵔ,ⵕ,ⵖ,ⵙ,ⵚ,ⵛ,ⵜ,ⵟ,ⵡ,ⵢ,ⵣ,ⵥ,ⵯ",83,KBDTIFI.ldml
00000437,Georgian (Legacy),ka-GE," ,!,%,(,),+,,,-,.,/,0,1,2,3,4,5,6,7,8,9,:,;,=,?,§,ა,ბ,გ,დ,ე,ვ,ზ,თ,ი,კ,ლ,მ,ნ,ო,პ,ჟ,რ,ს,ტ,უ,ფ,ქ,ღ,ყ,შ,ჩ,ც,ძ,წ,ჭ,ხ,ჯ,ჰ,ჱ,ჲ,ჳ,ჴ,ჵ,ჶ,–,“,„,№",68,kbdgeo.ldml
0003040d,"Hebrew (Standard, 2018)",he-IL," ,!,"",#,$,%,&,',(,),*,+,,,-,.,/,0,1,2,3,4,5,6,7,8,9,:,;,<,=,>,?,@,A,B,C,D,E,F,G,H,I,J,K,L,M,N,O,P,Q,R,S,T,U,V,W,X,Y,Z,[,\,],^,_,{,|,},~,°,×,÷,͏,֫,ְ,ֱ,ֲ,ֳ,ִ,ֵ,ֶ,ַ,ָ,ֹ,ֺ,ֻ,ּ,ֽ,־,ֿ,ׁ,ׂ,׆,א,ב,ג,ד,ה,ו,ז,ח,ט,י,ך,כ,ל,ם,מ,ן,נ,ס,ע,ף,פ,ץ,צ,ק,ר,ש,ת,׳,״,‌,‍,‎,‏,–,‘,’,‚,“,”,„,₪,€",134,kbdhebsi.ldml
0001042f,Macedonian - Standard,mk-MK," ,!,#,$,%,&,',(,),*,+,,,-,.,/,0,1,2,3,4,5,6,7,8,9,:,;,<,=,>,?,@,[,\,],^,{,|,},°,́,Ѐ,Ѓ,Ѕ,Ј,Љ,Њ,Ќ,Ѝ,Џ,А,Б,В,Г,Д,Е,Ж,З,И,К,Л,М,Н,О,П,Р,С,Т,У,Ф,Х,Ц,Ч,Ш,а,б,в,г,д,е,ж,з,и,к,л,м,н,о,п,р,с,т,у,ф,х,ц,ч,ш,ѐ,ѓ,ѕ,ј,љ,њ,ќ,ѝ,џ,—,‘,‚,“,„,…",113,KBDMACST.ldml
00150c00,Osage,osa-Osge," ,!,"",#,$,%,&,',(,),*,+,,,-,.,/,0,1,2,3,4,5,6,7,8,9,:,;,<,=,>,?,@,[,\,],^,_,`,{,|,},~,̄,͘,,,,,,,,,,,,,,,,,,,,,,,,,,,𐒰,𐒳,𐒴,𐒵,𐒷,𐒹,𐒺,𐒻,𐒼,𐒾,𐒿,𐓀,𐓁,𐓂,𐓄,𐓆,𐓇,𐓈,𐓊,𐓍,𐓎,𐓏,𐓐,𐓒,𐓓,𐓘,𐓛,𐓜,𐓝,𐓟,𐓡,𐓢,𐓣,𐓤,𐓦,𐓧,𐓨,𐓩,𐓪,𐓬,𐓮,𐓯,𐓰,𐓲,𐓵,𐓶,𐓷,𐓸,𐓺,𐓻",121,KBDOSA.ldml
00010410,Italian (142),it-IT," ,!,"",#,$,%,&,',(,),*,+,,,-,.,/,0,1,2,3,4,5,6,7,8,9,:,;,<,=,>,?,@,A,B,C,D,E,F,G,H,I,J,K,L,M,N,O,P,Q,R,S,T,U,V,W,X,Y,Z,[,\,],^,_,`,a,b,c,d,e,f,g,h,i,j,k,l,m,n,o,p,q,r,s,t,u,v,w,x,y,z,{,|,},~,£,§,°,à,ç,è,é,ì,ò,ù,€",106,KBDIT142.ldml
0002040d,Hebrew (Standard),he-IL," ,!,"",#,$,%,&,',(,),*,+,,,-,.,/,0,1,2,3,4,5,6,7,8,9,:,;,<,=,>,?,@,A,B,C,D,E,F,G,H,I,J,K,L,M,N,O,P,Q,R,S,T,U,V,W,X,Y,Z,[,\,],^,_,{,|,},~,°,×,÷,͏,֫,ְ,ֱ,ֲ,ֳ,ִ,ֵ,ֶ,ַ,ָ,ֹ,ֺ,ֻ,ּ,ֽ,־,ֿ,ׁ,ׂ,׆,א,ב,ג,ד,ה,ו,ז,ח,ט,י,ך,כ,ל,ם,מ,ן,נ,ס,ע,ף,פ,ץ,צ,ק,ר,ש,ת,װ,ױ,ײ,׳,״,‌,‍,‎,‏,–,‘,’,‚,“,”,„,₪,€",137,kbdhebl3.ldml
00080c00,Lisu (Standard),lis-Lisu," ,!,"",#,$,%,&,(,),*,+,,,-,.,/,0,1,2,3,4,5,6,7,8,9,<,=,>,?,@,Q,[,\,],^,_,`,{,|,},~,ʼ,ˍ,‐,ꓐ,ꓑ,ꓒ,ꓔ,ꓕ,ꓖ,ꓗ,ꓘ,ꓙ,ꓚ,ꓛ,ꓜ,ꓝ,ꓞ,ꓟ,ꓠ,ꓡ,ꓢ,ꓣ,ꓤ,ꓥ,ꓦ,ꓧ,ꓨ,ꓩ,ꓪ,ꓫ,ꓬ,ꓭ,ꓮ,ꓯ,ꓰ,ꓱ,ꓲ,ꓳ,ꓴ,ꓵ,ꓶ,ꓷ,ꓸꓼ,ꓹꓼ,ꓺ,ꓻ,ꓼ,ꓽ,꓾,꓿",91,kbdlisus.ldml
00010402,Bulgarian (Latin),bg-BG," ,!,"",#,$,%,&,',(,),*,+,,,-,.,/,0,1,2,3,4,5,6,7,8,9,:,;,<,=,>,?,@,A,B,C,D,E,F,G,H,I,J,K,L,M,N,O,P,Q,R,S,T,U,V,W,X,Y,Z,[,\,],^,_,`,a,b,c,d,e,f,g,h,i,j,k,l,m,n,o,p,q,r,s,t,u,v,w,x,y,z,{,|,},~",95,KBDUS.ldml
00090c00,N’Ko,nqo," ,"",#,$,%,(,),*,+,-,.,/,:,=,@,[,\,],_,|,°,×,÷,،,؟,߀,߁,߂,߃,߄,߅,߆,߇,߈,߉,ߊ,ߋ,ߌ,ߍ,ߎ,ߏ,ߐ,ߑ,ߒ,ߓ,ߔ,ߕ,ߖ,ߗ,ߘ,ߙ,ߚ,ߛ,ߜ,ߝ,ߞ,ߟ,ߠ,ߡ,ߢ,ߣ,ߤ,ߥ,ߦ,ߧ,ߨ,ߩ,ߪ,߫,߬,߭,߮,߯,߰,߱,߲,߳,ߴ,ߵ,߶,߷,߸,߹,ߺ,߾,߿,‹,›,﴾,﴿",90,kbdnko.ldml
00050408,Greek Latin,el-GR," ,!,"",#,$,%,&,',(,),*,+,,,-,.,/,0,1,2,3,4,5,6,7,8,9,:,;,<,=,>,?,@,A,B,C,D,E,F,G,H,I,J,K,L,M,N,O,P,Q,R,S,T,U,V,W,X,Y,Z,[,\,\m{^},\m{`},\m{~},\m{¨},\m{´},],_,a,b,c,d,e,f,g,h,i,j,k,l,m,n,o,p,q,r,s,t,u,v,w,x,y,z,{,|,},¡,¢,£,¤,¥,¦,§,©,«,¬,®,°,²,³,µ,¶,¹,»,¼,½,¾,¿,Á,Ä,Å,Æ,Ç,É,Í,Ð,Ñ,Ó,Ö,×,Ø,Ú,Ü,Þ,ß,á,ä,å,æ,ç,é,í,ð,ñ,ó,ö,÷,ø,ú,ü,þ,‘,’,€",155,KBDGKL.ldml
00000813,Belgian (Period),nl-BE," ,!,"",#,$,%,&,',(,),*,+,,,-,.,/,0,1,2,3,4,5,6,7,8,9,:,;,<,=,>,?,@,A,B,C,D,E,F,G,H,I,J,K,L,M,N,O,P,Q,R,S,T,U,V,W,X,Y,Z,[,\,\m{^},\m{`},\m{~},\m{¨},\m{´},],^,_,a,b,c,d,e,f,g,h,i,j,k,l,m,n,o,p,q,r,s,t,u,v,w,x,y,z,{,|,},£,§,°,²,³,µ,à,ç,è,é,ù,€",110,KBDBE.ldml
0000080a,Latin American,es-MX," ,!,"",#,$,%,&,',(,),*,+,,,-,.,/,0,1,2,3,4,5,6,7,8,9,:,;,<,=,>,?,@,A,B,C,D,E,F,G,H,I,J,K,L,M,N,O,P,Q,R,S,T,U,V,W,X,Y,Z,[,\,\m{^},\m{`},\m{¨},\m{´},],_,a,b,c,d,e,f,g,h,i,j,k,l,m,n,o,p,q,r,s,t,u,v,w,x,y,z,{,|,},~,¡,¬,°,¿,Ñ,ñ",103,KBDLA.ldml
00020449,Tamil 99,ta-IN," ,!,"",#,$,%,&,',(,),*,+,,,-,.,/,0,1,2,3,4,5,6,7,8,9,:,;,<,=,>,?,@,[,\,],^,_,`,{,|,},~,ஃ,அ,ஆ,இ,ஈ,உ,ஊ,எ,ஏ,ஐ,ஒ,ஓ,ஔ,க,க\u{BCD}ஷ,ங,ச,ஜ,ஞ,ட,ண,த,ந,ன,ப,ம,ய,ர,ற,ல,ள,ழ,வ,ஶ,ஶ\u{BCD}ர\u{BC0},ஷ,ஸ,ஹ,்,ௐ,௳,௴,௵,௶,௷,௸,௹,௺",91,KBDTAM99.ldml
000a0c00,Phags-pa,mn-Phag," ,!,%,&,(,),+,-,0,1,2,3,4,5,6,7,8,9,=,?, ,᠁,᠂,᠃,᠄,᠅, ,​,‌,‍,—, ,⁈,⁉,、,。,〈,〉,《,》,〔,〕,ꡀ,ꡁ,ꡂ,ꡃ,ꡄ,ꡅ,ꡆ,ꡇ,ꡈ,ꡉ,ꡊ,ꡋ,ꡌ,ꡍ,ꡎ,ꡏ,ꡐ,ꡑ,ꡒ,ꡓ,ꡔ,ꡕ,ꡖ,ꡗ,ꡘ,ꡙ,ꡚ,ꡛ,ꡜ,ꡝ,ꡞ,ꡟ,ꡠ,ꡡ,ꡢ,ꡣ,ꡤ,ꡥ,ꡦ,ꡧ,ꡨ,ꡩ,ꡪ,ꡫ,ꡬ,ꡭ,ꡮ,ꡯ,ꡰ,ꡱ,ꡲ,ꡳ,꡴,꡵,꡶,꡷,︀",99,kbdphags.ldml
00010409,United States-Dvorak,en-US," ,!,"",#,$,%,&,',(,),*,+,,,-,.,/,0,1,2,3,4,5,6,7,8,9,:,;,<,=,>,?,@,A,B,C,D,E,F,G,H,I,J,K,L,M,N,O,P,Q,R,S,T,U,V,W,X,Y,Z,[,\,],^,_,`,a,b,c,d,e,f,g,h,i,j,k,l,m,n,o,p,q,r,s,t,u,v,w,x,y,z,{,|,},~",95,KBDDV.ldml
00000438,Faeroese,fo-FO," ,!,"",#,$,%,&,',(,),*,+,,,-,.,/,0,1,2,3,4,5,6,7,8,9,:,;,<,=,>,?,@,A,B,C,D,E,F,G,H,I,J,K,L,M,N,O,P,Q,R,S,T,U,V,W,X,Y,Z,[,\,\m{^},\m{`},\m{~},\m{¨},\m{´},],_,a,b,c,d,e,f,g,h,i,j,k,l,m,n,o,p,q,r,s,t,u,v,w,x,y,z,{,|,},£,¤,§,µ,½,Å,Æ,Ð,Ø,å,æ,ð,ø,€",111,KBDFO.ldml
00011009,Canadian Multilingual Standard,en-CA," ,!,"",#,$,%,&,',(,),*,+,,,-,.,/,0,1,2,3,4,5,6,7,8,9,:,;,<,=,>,?,@,A,B,C,D,E,F,G,H,I,J,K,L,M,N,O,P,Q,R,S,T,U,V,W,X,Y,Z,[,\,\m{^},\m{`},\m{~},\m{¨},\m{¯},\m{´},\m{·},\m{¸},\m{ˇ},\m{˘},\m{˚},\m{˛},\m{˝},],_,a,b,c,d,e,f,g,h,i,j,k,l,m,n,o,p,q,r,s,t,u,v,w,x,y,z,{,|,},~, ,¡,¢,£,¤,¥,¦,§,©,ª,«,¬,­,®,°,±,²,³,µ,¶,¹,º,»,¼,½,¾,¿,À,Æ,Ç,È,É,Ð,×,Ø,Ù,Þ,ß,à,æ,ç,è,é,ð,÷,ø,ù,þ,Ħ,ħ,ı,Ĳ,ĳ,ĸ,Ŀ,ŀ,Ł,ł,ŉ,Ŋ,ŋ,Œ,œ,Ŧ,ŧ,―,‘,’,“,”,€,™,Ω,⅜,⅝,⅞,←,↑,→,↓,♪",187,KBDCAN.ldml
0000040e,Hungarian,hu-HU," ,!,"",#,$,%,&,',(,),*,+,,,-,.,/,0,1,2,3,4,5,6,7,8,9,:,;,<,=,>,?,@,A,B,C,D,E,F,G,H,I,J,K,L,M,N,O,P,Q,R,S,T,U,V,W,X,Y,Z,[,\,\m{^},\m{¨},\m{°},\m{´},\m{¸},\m{ˇ},\m{˘},\m{˙},\m{˛},\m{˝},],_,`,a,b,c,d,e,f,g,h,i,j,k,l,m,n,o,p,q,r,s,t,u,v,w,x,y,z,{,|,},~,¤,§,Á,Ä,É,Í,Ó,Ö,×,Ú,Ü,ß,á,ä,é,í,ó,ö,÷,ú,ü,Đ,đ,Ł,ł,Ő,ő,Ű,ű,€",134,KBDHU.ldml
00000427,Lithuanian IBM,lt-LT," ,!,"",(,),+,,,-,.,/,0,1,2,3,4,5,6,7,8,9,:,;,=,?,A,B,C,D,E,F,G,H,I,J,K,L,M,N,O,P,R,S,T,U,V,Y,Z,[,\,],_,`,a,b,c,d,e,f,g,h,i,j,k,l,m,n,o,p,r,s,t,u,v,y,z,{,|,},~,Ą,ą,Č,č,Ė,ė,Ę,ę,Į,į,Š,š,Ū,ū,Ų,ų,Ž,ž,“,”,€",100,KBDLT.ldml
0000045c,Cherokee Nation,chr-Cher-US," ,!,"",#,$,%,&,',(,),*,+,,,-,.,/,0,1,2,3,4,5,6,7,8,9,:,;,<,=,>,?,@,A,B,C,D,E,F,G,H,I,J,K,L,M,N,O,P,Q,R,S,T,U,V,W,X,Y,Z,[,\,],^,_,`,a,b,c,d,e,f,g,h,i,j,k,l,m,n,o,p,q,r,s,t,u,v,w,x,y,z,{,|,},~,Ꭰ,Ꭱ,Ꭲ,Ꭳ,ᎣᏏᏲ,Ꭴ,Ꭵ,Ꭶ,Ꭷ,Ꭸ,Ꭹ,Ꭺ,Ꭻ,Ꭼ,Ꭽ,Ꭾ,Ꭿ,Ꮀ,Ꮁ,Ꮂ,Ꮃ,Ꮄ,Ꮅ,Ꮆ,Ꮇ,Ꮈ,Ꮉ,Ꮊ,Ꮋ,Ꮌ,Ꮍ,Ꮎ,Ꮏ,Ꮐ,Ꮑ,Ꮒ,Ꮓ,Ꮔ,Ꮕ,Ꮖ,Ꮗ,Ꮘ,Ꮙ,Ꮚ,Ꮛ,Ꮜ,Ꮝ,Ꮞ,Ꮟ,Ꮠ,Ꮡ,Ꮢ,Ꮣ,Ꮤ,Ꮥ,Ꮦ,Ꮧ,Ꮨ,Ꮩ,Ꮪ,Ꮫ,Ꮬ,Ꮭ,Ꮮ,Ꮯ,Ꮰ,Ꮱ,Ꮲ,Ꮳ,ᏣᎳᎩ,Ꮴ,Ꮵ,Ꮶ,Ꮷ,Ꮸ,Ꮹ,ᏩᏙ,Ꮺ,Ꮻ,Ꮼ,Ꮽ,Ꮾ,Ꮿ,Ᏸ,Ᏹ,Ᏺ,Ᏻ,Ᏼ",183,KBDCHER.ldml
00000c1a,Serbian (Cyrillic),sr-Cyrl-CS," ,!,"",#,$,%,&,(,),*,+,,,-,.,/,0,1,2,3,4,5,6,7,8,9,:,;,<,=,>,?,\m{'},_,`,~,Ђ,Ѕ,Ј,Љ,Њ,Ћ,Џ,А,Б,В,Г,Д,Е,Ж,З,И,К,Л,М,Н,О,П,Р,С,Т,У,Ф,Х,Ц,Ч,Ш,а,б,в,г,д,е,ж,з,и,к,л,м,н,о,п,р,с,т,у,ф,х,ц,ч,ш,ђ,ѕ,ј,љ,њ,ћ,џ,€",98,KBDYCC.ldml
0000044b,Kannada,kn-IN," ,(,),,,-,.,0,1,2,3,4,5,6,7,8,9,\u{CCD}ರ,|,ಂ,ಃ,ಅ,ಆ,ಇ,ಈ,ಉ,ಊ,ಋ,ಌ,ಎ,ಏ,ಐ,ಒ,ಓ,ಔ,ಕ,ಕ\u{CCD}ಷ,ಖ,ಗ,ಘ,ಙ,ಚ,ಛ,ಜ,ಜ\u{CCD}ಞ,ಝ,ಞ,ಟ,ಠ,ಡ,ಢ,ಣ,ತ,ತ\u{CCD}ರ,ಥ,ದ,ಧ,ನ,ಪ,ಫ,ಬ,ಭ,ಮ,ಯ,ರ,ರ\u{CCD},ಱ,ಲ,ಳ,ವ,ಶ,ಶ\u{CCD}ರ,ಷ,ಸ,ಹ,ಾ,ಿ,ೀ,ು,ೂ,ೃ,ೄ,ೆ,ೇ,ೈ,ೊ,ೋ,ೌ,್,ೕ,ೖ,ೞ,ೠ,ೡ,೦,೧,೨,೩,೪,೫,೬,೭,೮,೯,‌,‍,₹",106,KBDINKAN.ldml
00000468,Hausa,ha-Latn-NG," ,!,"",#,$,%,&,',(,),*,+,,,-,.,/,0,1,2,3,4,5,6,7,8,9,:,;,<,=,>,?,@,A,B,C,D,E,F,G,H,I,J,K,L,M,N,O,P,Q,R,S,T,U,V,W,X,Y,Z,[,\,],^,_,`,a,b,c,d,e,f,g,h,i,j,k,l,m,n,o,p,q,r,s,t,u,v,w,x,y,z,{,|,},~,¦,¶,Ɓ,Ɗ,Ƙ,ƙ,Ƴ,ƴ,ɓ,ɗ,‘,’,€",108,KBDHAU.ldml
00000463,Pashto (Afghanistan),ps-AF," ,!,"",#,$,%,&,',(,),*,+,,,-,.,/,:,;,<,=,>,?,@,[,\,],^,_,`,{,|,},~, ,«,°,»,×,÷,؋,،,؛,؟,ء,آ,أ,ؤ,إ,ئ,ا,ب,ة,ت,ث,ج,ح,خ,د,ذ,ر,ز,س,ش,ص,ض,ط,ظ,ع,غ,ـ,ف,ق,ك,ل,م,ن,ه,و,ى,ي,ً,ٌ,ٍ,َ,ُ,ِ,ّ,ْ,ٓ,ٔ,ٙ,٪,٫,٬,٭,ٰ,ٱ,ٹ,ټ,پ,ځ,څ,چ,ڈ,ډ,ڑ,ړ,ږ,ژ,ښ,ک,ګ,گ,ڷ,ں,ڼ,ۇ,ۉ,ی,ۍ,ې,ے,۰,۱,۲,۳,۴,۵,۶,۷,۸,۹,‌,‍,‎,‏,•,€",138,KBDPASH.ldml
00040409,United States-Dvorak for right hand,en-US," ,!,"",#,$,%,&,',(,),*,+,,,-,.,/,0,1,2,3,4,5,6,7,8,9,:,;,<,=,>,?,@,A,B,C,D,E,F,G,H,I,J,K,L,M,N,O,P,Q,R,S,T,U,V,W,X,Y,Z,[,\,],^,_,`,a,b,c,d,e,f,g,h,i,j,k,l,m,n,o,p,q,r,s,t,u,v,w,x,y,z,{,|,},~",95,KBDUSR.ldml
00000c0c,Canadian French (Legacy),fr-CA," ,!,"",#,$,%,&,',(,),*,+,,,-,.,/,0,1,2,3,4,5,6,7,8,9,:,;,<,=,>,?,@,A,B,C,D,E,F,G,H,I,J,K,L,M,N,O,P,Q,R,S,T,U,V,W,X,Y,Z,[,\,\m{^},\m{`},\m{~},\m{¨},\m{´},\m{¸},],_,a,b,c,d,e,f,g,h,i,j,k,l,m,n,o,p,q,r,s,t,u,v,w,x,y,z,{,|,},¡,¢,£,¤,¥,§,©,ª,«,¬,®,°,±,²,³,µ,¶,¹,º,»,¼,½,¾,¿,À,Æ,Ç,È,É,Ð,Ø,Ù,Þ,ß,à,æ,ç,è,é,ð,ø,ù,þ,€",142,KBDFC.ldml
00011809,Scottish Gaelic,en-IE," ,!,"",#,$,%,&,',(,),*,+,,,-,.,/,0,1,2,3,4,5,6,7,8,9,:,;,<,=,>,?,@,A,B,C,D,E,F,G,H,I,J,K,L,M,N,O,P,Q,R,S,T,U,V,W,X,Y,Z,[,\,\m{'},\m{`},],^,_,`,a,b,c,d,e,f,g,h,i,j,k,l,m,n,o,p,q,r,s,t,u,v,w,x,y,z,{,|,},~,£,¦,¬,Á,É,Í,Ó,Ú,Ý,á,é,í,ó,ú,ý,’,⁊,€",115,KBDGAE.ldml
0000041b,Slovak,sk-SK,",, ,!,"",#,$,%,&,',(,),*,+,,,-,.,/,0,1,2,3,4,5,6,7,8,9,:,;,<,=,>,?,@,A,B,C,D,E,F,G,H,I,J,K,L,M,N,O,P,Q,R,S,T,U,V,W,X,Y,Z,[,\,\m{^},\m{¨},\m{°},\m{´},\m{¸},\m{ˇ},\m{˘},\m{˙},\m{˛},\m{˝},],_,`,a,b,c,d,e,f,g,h,i,j,k,l,m,n,o,p,q,r,s,t,u,v,w,x,y,z,{,|,},~,¤,§,×,ß,á,ä,é,í,ô,÷,ú,ý,č,Đ,đ,ľ,Ł,ł,ň,š,ť,ž,€",129,KBDSL.ldml
00020426,Latvian (Standard),lv-LV," ,!,#,$,%,&,(,),*,+,,,-,.,/,0,1,2,3,4,5,6,7,8,9,:,;,<,=,>,?,@,A,B,C,D,E,F,G,H,I,J,K,L,M,N,O,P,Q,R,S,T,U,V,W,X,Y,Z,[,\,\m{""},\m{'},\m{¨},\m{´},],^,_,`,a,b,c,d,e,f,g,h,i,j,k,l,m,n,o,p,q,r,s,t,u,v,w,x,y,z,{,|,},~, ,§,«,­,°,±,»,×,Ā,ā,Č,č,Ē,ē,Ģ,ģ,Ī,ī,Ķ,ķ,Ļ,ļ,Ņ,ņ,Ō,ō,Ŗ,ŗ,Š,š,Ū,ū,Ž,ž,–,—,’,€",135,KBDLVST.ldml
0000042f,Macedonian,mk-MK," ,!,%,&,(,),*,+,,,-,.,/,0,1,2,3,4,5,6,7,8,9,:,;,=,?,@,[,],_,`,{,},~,§,Ё,Ђ,Ѓ,Ѕ,Ј,Љ,Њ,Ћ,Ќ,Џ,А,Б,В,Г,Д,Е,Ж,З,И,К,Л,М,Н,О,П,Р,С,Т,У,Ф,Х,Ц,Ч,Ш,а,б,в,г,д,е,ж,з,и,к,л,м,н,о,п,р,с,т,у,ф,х,ц,ч,ш,ё,ђ,ѓ,ѕ,ј,љ,њ,ћ,ќ,џ,‘,’,“,„,€",108,KBDMAC.ldml
0000042a,Vietnamese,vi-VN," ,!,"",#,$,%,&,',(,),*,+,,,-,.,/,0,1,2,3,4,5,6,7,8,9,:,;,<,=,>,?,@,A,B,C,D,E,F,G,H,I,J,K,L,M,N,O,P,Q,R,S,T,U,V,W,X,Y,Z,[,\,],^,_,`,a,b,c,d,e,f,g,h,i,j,k,l,m,n,o,p,q,r,s,t,u,v,w,x,y,z,{,|,},~,Â,Ê,Ô,â,ê,ô,Ă,ă,Đ,đ,Ơ,ơ,Ư,ư,̀,́,̃,̉,̣,₫",115,KBDVNTC.ldml
00000446,Punjabi,pa-IN," ,(,),,,-,.,0,1,2,3,4,5,6,7,8,9,\u{A4D}ਯ,\u{A4D}ਰ,\u{A4D}ਵ,\u{A4D}ਹ,।,॥,ਂ,ਅ,ਆ,ਇ,ਈ,ਉ,ਊ,ਏ,ਐ,ਓ,ਔ,ਕ,ਖ,ਗ,ਘ,ਙ,ਚ,ਛ,ਜ,ਝ,ਞ,ਟ,ਠ,ਡ,ਢ,ਣ,ਤ,ਥ,ਦ,ਧ,ਨ,ਪ,ਫ,ਬ,ਭ,ਮ,ਯ,ਰ,ਲ,ਲ਼,ਵ,ਸ਼,ਸ,ਹ,਼,ਾ,ਿ,ੀ,ੁ,ੂ,ੇ,ੈ,ੋ,ੌ,੍,ਖ਼,ਗ਼,ਜ਼,ੜ,ਫ਼,੦,੧,੨,੩,੪,੫,੬,੭,੮,੯,ੰ,ੱ,ੲ,ੳ,ੴ,‌,‍,₹",100,KBDINPUN.ldml
00020401,Arabic (102) AZERTY,ar-SA," ,"",&,',(,),+,,,-,.,/,0,1,2,3,4,5,6,7,8,9,:,<,=,>,[,\,\u{651}ً,\u{651}ٌ,\u{651}ٍ,\u{651}َ,\u{651}ُ,\u{651}ِ,],_,{,|,},~,¤,°,×,à,ç,è,é,÷,،,؛,؟,ء,آ,أ,ؤ,إ,ئ,ا,ب,ة,ت,ث,ج,ح,خ,د,ذ,ر,ز,س,ش,ص,ض,ط,ظ,ع,غ,ـ,ف,ق,ك,ل,لآ,لأ,لإ,لا,م,ن,ه,و,ى,ي,ً,ٌ,ٍ,َ,ُ,ِ,ّ,ْ,‌,‍,‎,‏,‘,’",105,KBDA3.ldml
00000452,United Kingdom Extended,cy-GB," ,!,"",#,$,%,&,',(,),*,+,,,-,.,/,0,1,2,3,4,5,6,7,8,9,:,;,<,=,>,?,@,A,B,C,D,E,F,G,H,I,J,K,L,M,N,O,P,Q,R,S,T,U,V,W,X,Y,Z,[,\,\m{^},\m{`},\m{~},\m{¨},\m{´},],^,_,`,a,b,c,d,e,f,g,h,i,j,k,l,m,n,o,p,q,r,s,t,u,v,w,x,y,z,{,|,},~,£,¦,¬,Á,Ç,É,Í,Ó,Ú,Ý,á,ç,é,í,ó,ú,ý,Ẃ,ẃ,€",120,KBDUKX.ldml
00010465,Divehi Typewriter,dv-MV," ,!,"",#,$,%,&,(,),*,+,,,-,.,/,0,1,2,3,4,5,6,7,8,9,:,;,<,=,>,@,[,\,],^,_,`,{,|,},~,×,÷,،,؛,؟,ހ,ށ,ނ,ރ,ބ,ޅ,ކ,އ,ވ,މ,ފ,ދ,ތ,ލ,ގ,ޏ,ސ,ޑ,ޒ,ޓ,ޔ,ޕ,ޖ,ޗ,ޘ,ޙ,ޚ,ޛ,ޜ,ޝ,ޞ,ޟ,ޠ,ޡ,ޢ,ޣ,ޤ,ޥ,ަ,ާ,ި,ީ,ު,ޫ,ެ,ޭ,ޮ,ޯ,ް,‌,‍,‎,‏,’,“,ﷲ",102,KBDDIV2.ldml
0001040c,"French (Standard, AZERTY)",fr-FR," ,!,"",#,$,%,&,',(,),*,+,,,-,.,/,0,1,2,3,4,5,6,7,8,9,:,;,<,=,>,?,@,A,B,C,D,E,F,G,H,I,J,K,L,M,N,O,P,Q,R,S,T,U,V,W,X,Y,Z,[,\,\m{,},\m{-},\m{.},\m{/},\m{^},\m{`},\m{~},\m{¤},\m{¨},\m{¯},\m{°},\m{´},\m{µ},\m{¸},\m{ſ},\m{ˇ},\m{ˍ},\m{˘},\m{˙},\m{˚},\m{˛},\m{˝},\m{˵},],_,a,b,c,d,e,f,g,h,i,j,k,l,m,n,o,p,q,r,s,t,u,v,w,x,y,z,{,|,}, ,¡,£,§,©,«,®,°,±,·,»,¼,½,¿,À,Æ,Ç,È,É,Ê,×,Ù,ß,à,æ,ç,è,é,ê,÷,ù,Œ,œ,Ʒ,ʒ,θ,ϴ,ẞ,‑,–,—,‘,’,“,”,†,‡,…, ,‰,‹,›,€,™,−,√,∞,≃,≠,⩽,⩾",176,KBDFRNA.ldml
00000442,Turkmen,tk-TM," ,!,"",#,$,%,&,',(,),*,+,,,-,.,/,0,1,2,3,4,5,6,7,8,9,:,;,<,=,>,?,@,A,B,D,E,F,G,H,I,J,K,L,M,N,O,P,R,S,T,U,W,Y,Z,\,_,a,b,d,e,f,g,h,i,j,k,l,m,n,o,p,r,s,t,u,w,y,z,|,Ä,Ç,Ö,Ü,Ý,ä,ç,ö,ü,ý,Ň,ň,Ş,ş,Ž,ž,№",97,KBDTURME.ldml
0000044d,Assamese - INSCRIPT,as-IN," ,!,(,),,,-,.,@,\u{9CD}ৰ,।,॥,ঁ,ং,ঃ,অ,আ,ই,ঈ,উ,ঊ,ঋ,এ,ঐ,ও,ঔ,ক,ক\u{9CD}ষ,খ,গ,ঘ,ঙ,চ,ছ,জ,জ\u{9CD}ঞ,ঝ,ঞ,ট,ঠ,ড,ঢ,ণ,ত,ত\u{9CD}ৰ,থ,দ,ধ,ন,প,ফ,ব,ভ,ম,য,ল,শ,শ\u{9CD}ৰ,ষ,স,হ,়,া,ি,ী,ু,ূ,ৃ,ে,ৈ,ো,ৌ,্,য়,০,১,২,৩,৪,৫,৬,৭,৮,৯,ৰ,ৰ\u{9CD},ৱ,‌,‍,₹",89,KBDINASA.ldml
0001045a,Syriac Phonetic,syr-SY," ,!,(,),+,-,.,0,1,2,3,4,5,6,7,8,9,:,=,[,],«,»,̃,̄,̇,̈,̊,̣,̤,̥,̭,̮,̰,̱,،,؛,؟,ء,ـ,ً,ٌ,ٍ,َ,ُ,ِ,ّ,ْ,ٓ,ٔ,ٕ,ٰ,܀,܁,܂,܃,܄,܅,܆,܇,܈,܉,܊,܋,܌,܍,܏,ܐ,ܑ,ܒ,ܓ,ܔ,ܕ,ܖ,ܗ,ܘ,ܙ,ܚ,ܛ,ܜ,ܝ,ܞ,ܟ,ܠ,ܡ,ܢ,ܣ,ܤ,ܥ,ܦ,ܧ,ܨ,ܩ,ܪ,ܫ,ܬ,ܰ,ܱ,ܲ,ܳ,ܴ,ܵ,ܶ,ܷ,ܸ,ܹ,ܺ,ܻ,ܼ,ܽ,ܾ,ܿ,݀,݁,݂,݃,݄,݅,݆,݇,݈,݉,݊,‌,‍,‎,‏,┌,┐,♰,♱",131,KBDSYR2.ldml
00020427,Lithuanian Standard,lt-LT," ,!,"",#,$,%,&,',(,),*,+,,,-,.,/,0,1,2,3,4,5,6,7,8,9,:,;,<,=,>,?,@,A,B,C,D,E,F,G,H,I,J,K,L,M,N,O,P,Q,R,S,T,U,V,W,X,Y,Z,[,\,],^,_,`,a,b,c,d,e,f,g,h,i,j,k,l,m,n,o,p,q,r,s,t,u,v,w,x,y,z,{,|,},~, ,§,´,Ą,ą,Č,č,Ė,ė,Ę,ę,Į,į,Š,š,Ū,ū,Ų,ų,Ž,ž,–,“,„,€",120,KBDLT2.ldml
0000201a,Bosnian (Cyrillic),bs-Cyrl-BA," ,!,"",#,$,%,&,(,),*,+,,,-,.,/,0,1,2,3,4,5,6,7,8,9,:,;,<,=,>,?,@,[,\,\m{'},],^,_,`,{,|,},~,§,°,Ђ,Ѕ,Ј,Љ,Њ,Ћ,Џ,А,Б,В,Г,Д,Е,Ж,З,И,К,Л,М,Н,О,П,Р,С,Т,У,Ф,Х,Ц,Ч,Ш,а,б,в,г,д,е,ж,з,и,к,л,м,н,о,п,р,с,т,у,ф,х,ц,ч,ш,ђ,ѕ,ј,љ,њ,ћ,џ,€",108,KBDBHC.ldml
00000425,Estonian,et-EE," ,!,"",#,$,%,&,',(,),*,+,,,-,.,/,0,1,2,3,4,5,6,7,8,9,:,;,<,=,>,?,@,A,B,C,D,E,F,G,H,I,J,K,L,M,N,O,P,Q,R,S,T,U,V,W,X,Y,Z,[,\,\m{^},\m{`},\m{~},\m{´},\m{ˇ},],^,_,a,b,c,d,e,f,g,h,i,j,k,l,m,n,o,p,q,r,s,t,u,v,w,x,y,z,{,|,},£,¤,§,½,Ä,Õ,Ö,Ü,ä,õ,ö,ü,Š,š,Ž,ž,€",115,KBDEST.ldml
00000447,Gujarati,gu-IN," ,(,),,,-,.,0,1,2,3,4,5,6,7,8,9,\u{ACD}ર,।,॥,ઁ,ં,ઃ,અ,આ,ઇ,ઈ,ઉ,ઊ,ઋ,ઍ,એ,ઐ,ઑ,ઓ,ઔ,ક,ક\u{ACD}ષ,ખ,ગ,ઘ,ઙ,ચ,છ,જ,જ\u{ACD}ઞ,ઝ,ઞ,ટ,ઠ,ડ,ઢ,ણ,ત,ત\u{ACD}ર,થ,દ,ધ,ન,પ,ફ,બ,ભ,મ,ય,ર,ર\u{ACD},લ,ળ,વ,શ,શ\u{ACD}ર,ષ,સ,હ,઼,ઽ,ા,િ,ી,ુ,ૂ,ૃ,ૄ,ૅ,ે,ૈ,ૉ,ો,ૌ,્,ૐ,ૠ,૦,૧,૨,૩,૪,૫,૬,૭,૮,૯,‌,‍,₹",105,KBDINGUJ.ldml
00000488,Wolof,wo-SN," ,!,"",#,&,',(,),*,+,,,-,.,/,0,1,2,3,4,5,6,7,8,9,:,;,<,=,>,?,@,A,B,C,D,E,F,G,H,I,J,K,L,M,N,O,P,Q,R,S,T,U,V,W,X,Y,Z,[,\,\m{^},\m{`},\m{~},\m{¨},],^,_,a,b,c,d,e,f,g,h,i,j,k,l,m,n,o,p,q,r,s,t,u,v,w,x,y,z,{,|,},¤,À,Ã,É,Ñ,Ó,à,ã,é,ñ,ó,ù,Ŋ,ŋ,€",110,KBDWOL.ldml
00010401,Arabic (102),ar-SA," ,!,"",#,$,%,&,(,),*,+,,,-,.,/,0,1,2,3,4,5,6,7,8,9,:,<,=,>,@,[,\,\u{651}ً,\u{651}ٌ,\u{651}ٍ,\u{651}َ,\u{651}ُ,\u{651}ِ,],^,_,{,|,},~,¤,×,÷,،,؛,؟,ء,آ,أ,ؤ,إ,ئ,ا,ب,ة,ت,ث,ج,ح,خ,د,ذ,ر,ز,س,ش,ص,ض,ط,ظ,ع,غ,ـ,ف,ق,ك,ل,لآ,لأ,لإ,لا,م,ن,ه,و,ى,ي,ً,ٌ,ٍ,َ,ُ,ِ,ّ,ْ,‌,‍,‎,‏,‘,’",106,KBDA2.ldml
00040c00,Ogham,sga-Ogam," ,-, ,ᚁ,ᚂ,ᚃ,ᚄ,ᚅ,ᚆ,ᚇ,ᚈ,ᚉ,ᚊ,ᚋ,ᚌ,ᚍ,ᚎ,ᚏ,ᚐ,ᚑ,ᚒ,ᚓ,ᚔ,ᚕ,ᚖ,ᚗ,ᚘ,ᚙ,ᚚ,᚛,᚜",31,KBDOGHAM.ldml
00000843,Uzbek Cyrillic,uz-Cyrl-UZ," ,!,"",%,(,),*,,,-,.,/,0,1,2,3,4,5,6,7,8,9,:,;,?,\,Ё,Ў,А,Б,В,Г,Д,Е,Ж,З,И,Й,К,Л,М,Н,О,П,Р,С,Т,У,Ф,Х,Ц,Ч,Ш,Ъ,Ь,Э,Ю,Я,а,б,в,г,д,е,ж,з,и,й,к,л,м,н,о,п,р,с,т,у,ф,х,ц,ч,ш,ъ,ь,э,ю,я,ё,ў,Ғ,ғ,Қ,қ,Ҳ,ҳ,№",96,KBDUZB.ldml
0001105f,Tifinagh (Extended),tzm-Tfng-MA," ,!,"",#,$,%,&,',(,),*,+,,,-,.,/,0,1,2,3,4,5,6,7,8,9,:,;,<,=,>,?,@,[,\,],^,_,{,|,},~,£,¤,§,°,²,µ,‌,‍,—,€,ⴰ,ⴱ,ⴲ,ⴳ,ⴳⵯ,ⴴ,ⴵ,ⴶ,ⴷ,ⴸ,ⴹ,ⴺ,ⴻ,ⴼ,ⴽ,ⴽⵯ,ⴾ,ⴿ,ⵀ,ⵁ,ⵂ,ⵃ,ⵄ,ⵅ,ⵆ,ⵇ,ⵈ,ⵉ,ⵊ,ⵋ,ⵌ,ⵍ,ⵎ,ⵏ,ⵐ,ⵑ,ⵒ,ⵓ,ⵔ,ⵕ,ⵖ,ⵗ,ⵘ,ⵙ,ⵚ,ⵛ,ⵜ,ⵝ,ⵞ,ⵟ,ⵠ,ⵡ,ⵢ,ⵣ,ⵤ,ⵥ,ⵯ",109,KBDTIFI2.ldml
00030407,German Extended (E2),de-DE," ,!,"",#,$,%,&,',(,),*,+,,,-,.,/,0,1,2,3,4,5,6,7,8,9,:,;,<,=,>,?,@,A,B,C,D,E,F,G,H,I,J,K,L,M,N,O,P,Q,R,S,T,U,V,W,X,Y,Z,[,\,\m{^},\m{`},\m{¨},\m{¯},\m{´},\m{¸},\m{ʼ},\m{ˀ},\m{ˇ},\m{ˌ},\m{ˍ},\m{ˏ},\m{˗},\m{˘},\m{˙},\m{˚},\m{˛},\m{˜},\m{˝},\m{˟},],_,a,b,c,d,e,f,g,h,i,j,k,l,m,n,o,p,q,r,s,t,u,v,w,x,y,z,{,|,},~, ,¡,§,«,­,°,µ,·,»,¿,Ä,Ö,Ü,ß,ä,ö,ü,ẞ,‑,–,—,’, ,′,″,‹,›,€,−,☺",143,KBDGRE2.ldml
00000470,Igbo,ig-NG," ,!,"",#,$,%,&,',(,),*,+,,,-,.,/,0,1,2,3,4,5,6,7,8,9,:,;,<,=,>,?,@,A,B,C,D,E,F,G,H,I,J,K,L,M,M\u{300},M\u{304},N,N\u{304},O,P,Q,R,S,T,U,V,W,X,Y,Z,[,\,\m{^},\m{`},\m{~},],_,a,b,c,d,e,f,g,h,i,j,k,l,m,m\u{300},m\u{304},n,n\u{304},o,p,q,r,s,t,u,v,w,x,y,z,{,|,},¦,´,¶,Ṅ,ṅ,Ị,Ị\u{300},Ị\u{301},Ị\u{304},ị,ị\u{300},ị\u{301},ị\u{304},Ọ,Ọ\u{300},Ọ\u{301},Ọ\u{304},ọ,ọ\u{300},ọ\u{301},ọ\u{304},Ụ,Ụ\u{300},Ụ\u{301},Ụ\u{304},ụ,ụ\u{300},ụ\u{301},ụ\u{304},‘,’,€",133,KBDIBO.ldml
00000411,Japanese,ja-JP," ,!,"",#,$,%,&,',(,),*,+,,,-,.,/,0,1,2,3,4,5,6,7,8,9,:,;,<,=,>,?,@,A,B,C,D,E,F,G,H,I,J,K,L,M,N,O,P,Q,R,S,T,U,V,W,X,Y,Z,[,\,],^,_,`,a,b,c,d,e,f,g,h,i,j,k,l,m,n,o,p,q,r,s,t,u,v,w,x,y,z,{,|,},~,｡,｢,｣,､,･,ｦ,ｧ,ｨ,ｩ,ｪ,ｫ,ｬ,ｭ,ｮ,ｯ,ｰ,ｱ,ｲ,ｳ,ｴ,ｵ,ｶ,ｷ,ｸ,ｹ,ｺ,ｻ,ｼ,ｽ,ｾ,ｿ,ﾀ,ﾁ,ﾂ,ﾃ,ﾄ,ﾅ,ﾆ,ﾇ,ﾈ,ﾉ,ﾊ,ﾋ,ﾌ,ﾍ,ﾎ,ﾏ,ﾐ,ﾑ,ﾒ,ﾓ,ﾔ,ﾕ,ﾖ,ﾗ,ﾘ,ﾙ,ﾚ,ﾛ,ﾜ,ﾝ,ﾞ,ﾟ",158,KBDJPN.ldml
00000412,Korean,ko-KR," ,!,"",#,$,%,&,',(,),*,+,,,-,.,/,0,1,2,3,4,5,6,7,8,9,:,;,<,=,>,?,@,A,B,C,D,E,F,G,H,I,J,K,L,M,N,O,P,Q,R,S,T,U,V,W,X,Y,Z,[,\,],^,_,`,a,b,c,d,e,f,g,h,i,j,k,l,m,n,o,p,q,r,s,t,u,v,w,x,y,z,{,|,},~",95,KBDKOR.ldml
00001809,Irish,en-IE," ,!,"",#,$,%,&,',(,),*,+,,,-,.,/,0,1,2,3,4,5,6,7,8,9,:,;,<,=,>,?,@,A,B,C,D,E,F,G,H,I,J,K,L,M,N,O,P,Q,R,S,T,U,V,W,X,Y,Z,[,\,\m{`},\m{´},],^,_,`,a,b,c,d,e,f,g,h,i,j,k,l,m,n,o,p,q,r,s,t,u,v,w,x,y,z,{,|,},~,£,¦,¬,Á,É,Í,Ó,Ú,á,é,í,ó,ú,€",111,KBDIR.ldml
0001045c,Cherokee Phonetic,chr-Cher-US," ,!,"",#,$,%,&,',(,),*,+,,,-,.,/,0,1,2,3,4,5,6,7,8,9,:,;,<,=,>,?,@,A,B,C,D,E,F,G,H,I,J,K,L,M,N,O,P,Q,R,S,T,U,V,W,X,Y,Z,[,\,\m{C},\m{D},\m{G},\m{H},\m{J},\m{K},\m{L},\m{M},\m{N},\m{Q},\m{S},\m{T},\m{W},\m{X},\m{Y},\m{c},\m{d},\m{g},\m{h},\m{j},\m{k},\m{l},\m{m},\m{n},\m{q},\m{s},\m{t},\m{w},\m{x},\m{y},],^,_,`,a,b,c,d,e,f,g,h,i,j,k,l,m,n,o,p,q,r,s,t,u,v,w,x,y,z,{,|,},~,Ꭰ,Ꭱ,Ꭲ,Ꭳ,Ꭴ,Ꭵ",131,KBDCHERP.ldml
00010407,German (IBM),de-DE," ,!,"",#,$,%,&,',(,),*,+,,,-,.,/,0,1,2,3,4,5,6,7,8,9,:,;,<,=,>,?,@,A,B,C,D,E,F,G,H,I,J,K,L,M,N,O,P,Q,R,S,T,U,V,W,X,Y,Z,[,\,\m{^},\m{`},\m{´},],_,a,b,c,d,e,f,g,h,i,j,k,l,m,n,o,p,q,r,s,t,u,v,w,x,y,z,{,|,},~,§,°,²,³,µ,Ä,Ö,Ü,ß,ä,ö,ü,ẞ,€",110,KBDGR1.ldml
00000449,Tamil,ta-IN," ,,,-,.,0,1,2,3,4,5,6,7,8,9,ஃ,அ,ஆ,இ,ஈ,உ,ஊ,எ,ஏ,ஐ,ஒ,ஓ,ஔ,க,க\u{BCD}ஷ,ங,ச,ஜ,ஞ,ட,ண,த,த\u{BCD}ர,ந,ன,ப,ம,ய,ர,ற,ல,ள,ழ,வ,ஶ,ஷ,ஷ\u{BCD}ர,ஸ,ஸ\u{BCD}ர\u{BC0},ஹ,ா,ி,ீ,ு,ூ,ெ,ே,ை,ொ,ோ,ௌ,்,ௐ,௦,௧,௨,௩,௪,௫,௬,௭,௮,௯,௰,௱,௲,௳,௴,௵,௶,௷,௸,௹,௺,‌,‍,₹",91,KBDINTAM.ldml
0001042b,Armenian Western (Legacy),hy-AM," ,',(,),,,-,.,1,3,4,9,:,«,»,Ա,Բ,Գ,Դ,Ե,Զ,Է,Ը,Թ,Ժ,Ի,Լ,Խ,Ծ,Կ,Հ,Ձ,Ղ,Ճ,Մ,Յ,Ն,Շ,Ո,Չ,Պ,Ջ,Ռ,Ս,Վ,Տ,Ր,Ց,Ւ,Փ,Ք,Օ,Ֆ,՛,՜,՝,՞,ա,բ,գ,դ,ե,զ,է,ը,թ,ժ,ի,լ,խ,ծ,կ,հ,ձ,ղ,ճ,մ,յ,ն,շ,ո,չ,պ,ջ,ռ,ս,վ,տ,ր,ց,ւ,փ,ք,օ,ֆ,և",95,kbdarmw.ldml
0001043b,Sami Extended Norway,se-NO," ,!,"",#,$,%,&,',(,),*,+,,,-,.,/,0,1,2,3,4,5,6,7,8,9,:,;,<,=,>,?,@,A,B,C,D,E,F,G,H,I,J,K,L,M,N,O,P,Q,R,S,T,U,V,W,X,Y,Z,[,\,\m{^},\m{`},\m{~},\m{¨},\m{´},\m{ˇ},],_,a,b,c,d,e,f,g,h,i,j,k,l,m,n,o,p,q,r,s,t,u,v,w,x,y,z,{,|,},£,¤,§,µ,Á,Â,Ä,Å,Æ,Ï,Õ,Ö,Ø,á,â,ä,å,æ,ï,õ,ö,ø,Č,č,Đ,đ,Ŋ,ŋ,Š,š,Ŧ,ŧ,Ž,ž,Ʒ,Ǥ,ǥ,Ǧ,ǧ,Ǩ,ǩ,Ǯ,ǯ,ʒ,€",143,KBDSMSNO.ldml
0000046c,Sesotho sa Leboa,nso-ZA," ,!,#,$,%,&,(,),*,+,,,-,.,/,0,1,2,3,4,5,6,7,8,9,:,;,<,=,>,?,@,A,B,C,D,E,F,G,H,I,J,K,L,M,N,O,P,Q,R,S,T,U,V,W,X,Y,Z,[,\,\m{""},\m{'},\m{^},\m{`},\m{~},],_,a,b,c,d,e,f,g,h,i,j,k,l,m,n,o,p,q,r,s,t,u,v,w,x,y,z,{,|,},¡,¢,£,¤,¥,¦,§,¨,©,«,¬,®,°,²,³,´,µ,¶,¹,»,¼,½,¾,¿,Á,Ä,Å,Æ,Ç,É,Í,Ð,Ñ,Ó,Ö,×,Ø,Ú,Ü,Þ,ß,á,ä,å,æ,ç,é,í,ð,ñ,ó,ö,÷,ø,ú,ü,þ,Š,š,‘,’,€",157,KBDNSO.ldml
0000044a,Telugu,te-IN," ,(,),,,-,.,0,1,2,3,4,5,6,7,8,9,\u{C4D}ర,ఁ,ం,ః,అ,ఆ,ఇ,ఈ,ఉ,ఊ,ఋ,ఌ,ఎ,ఏ,ఐ,ఒ,ఓ,ఔ,క,క\u{C4D}ష,ఖ,గ,ఘ,ఙ,చ,ఛ,జ,జ\u{C4D}ఞ,ఝ,ఞ,ట,ఠ,డ,ఢ,ణ,త,త\u{C4D}ర,థ,ద,ధ,న,ప,ఫ,బ,భ,మ,య,ర,ఱ,ల,ళ,వ,శ,శ\u{C4D}ర,ష,స,హ,ా,ి,ీ,ు,ూ,ృ,ౄ,ె,ే,ై,ొ,ో,ౌ,్,ౕ,ౖ,ౘ,ౙ,ౠ,ౡ,౦,౧,౨,౩,౪,౫,౬,౭,౮,౯,‌,‍,₹",106,KBDINTEL.ldml
00010451,Tibetan (PRC) - Updated,bo-CN," ,-,\m{M},\m{m},\u{F71}ི,\u{F71}ུ,\u{F71}ྀ,\u{FB2}ཱ\u{F80},\u{FB3}ཱ\u{F80},ༀ,༁,༂,༃,༆,༇,༉,༊,་,༌,།,༏,༐,༒,༓,༕,༖,༗,༘,༙,༚,༛,༜,༝,༞,༟,༠,༡,༢,༣,༤,༥,༦,༧,༨,༩,༪,༫,༬,༭,༮,༯,༰,༱,༲,༳,༴,༶,༸,༺,༻,༼,༽,༾,༿,ཀ,ཁ,ག,གྷ,ང,ཅ,ཆ,ཇ,ཉ,ཊ,ཋ,ཌ,ཎ,ཏ,ཐ,ད,དྷ,ན,པ,ཕ,བ,བྷ,མ,ཙ,ཚ,ཛ,ཛྷ,ཝ,ཞ,ཟ,འ,ཡ,ར,ལ,ཤ,ཥ,ས,ཧ,ཨ,ཀྵ,ཪ,ཱ,ི,ུ,ྲྀ,ླྀ,ེ,ོ,ྂ,྆,྇,ྈ,ྉ,ྊ,ྋ,ྚ,ྛ,ྜ,ྞ,ྵ,ྐྵ,ྻ,ྼ,྾,྿,࿀,࿁,࿂,࿃,࿄,࿅,࿆,࿇,࿈,࿉,࿊,࿋,࿌,࿏",143,KBDTIPRD.ldml
0000042e,Sorbian Standard (Legacy),hsb-DE," ,!,"",#,$,%,&,(,),*,+,,,-,.,/,0,1,2,3,4,5,6,7,8,9,:,;,<,=,>,?,@,A,B,C,D,E,F,G,H,I,J,K,L,M,N,O,P,Q,R,S,T,U,V,W,X,Y,Z,[,\,\m{^},\m{`},\m{°},\m{´},],_,a,b,c,d,e,f,g,h,i,j,k,l,m,n,o,p,q,r,s,t,u,v,w,x,y,z,{,|,},~,§,«,µ,»,Ä,Ö,Ü,ß,ä,ö,ü,Ł,ł,‘,‚,“,„,€",114,KBDSORST.ldml
00010444,Tatar,tt-RU," ,!,"",#,$,%,',(,),*,+,,,-,.,/,0,1,2,3,4,5,6,7,8,9,:,;,<,=,>,?,@,[,\,],_,{,},Ё,А,Б,В,Г,Д,Е,Ж,З,И,Й,К,Л,М,Н,О,П,Р,С,Т,У,Ф,Х,Ц,Ч,Ш,Щ,Ъ,Ы,Ь,Э,Ю,Я,а,б,в,г,д,е,ж,з,и,й,к,л,м,н,о,п,р,с,т,у,ф,х,ц,ч,ш,щ,ъ,ы,ь,э,ю,я,ё,Ғ,ғ,Җ,җ,Ҡ,ҡ,Ң,ң,Ү,ү,Һ,һ,Ә,ә,Ө,ө,₽,№",122,KBDTT102.ldml
00000428,Tajik,tg-Cyrl-TJ," ,!,"",%,(,),*,,,.,/,0,1,2,3,4,5,6,7,8,9,:,;,?,\,Ё,А,Б,В,Г,Д,Е,Ж,З,И,Й,К,Л,М,Н,О,П,Р,С,Т,У,Ф,Х,Ч,Ш,Ъ,Э,Ю,Я,а,б,в,г,д,е,ж,з,и,й,к,л,м,н,о,п,р,с,т,у,ф,х,ч,ш,ъ,э,ю,я,ё,Ғ,ғ,Қ,қ,Ҳ,ҳ,Ҷ,ҷ,Ӣ,ӣ,Ӯ,ӯ,№",95,KBDTAJIK.ldml
0001042c,Azerbaijani (Standard),az-Latn-AZ," ,!,"",#,%,(,),*,+,,,-,.,0,1,2,3,4,5,6,7,8,9,:,;,=,?,@,A,B,C,D,E,F,G,H,I,J,K,L,M,N,O,P,Q,R,S,T,U,V,X,Y,Z,_,a,b,c,d,e,f,g,h,i,j,k,l,m,n,o,p,q,r,s,t,u,v,x,y,z,~,Ç,Ö,Ü,ç,ö,ü,Ğ,ğ,İ,ı,Ş,ş,Ə,ə,₼,№",95,KBDAZST.ldml
0003042b,Armenian Typewriter,hy-AM," ,!,"",#,$,%,&,',(,),*,+,,,-,.,/,0,1,2,3,4,5,6,7,8,9,:,;,<,=,>,?,@,[,\,],^,_,`,{,|,},~,«,»,Ա,Բ,Գ,Դ,Ե,Զ,Է,Ը,Թ,Ժ,Ի,Լ,Խ,Ծ,Կ,Հ,Ձ,Ղ,Ճ,Մ,Յ,Ն,Շ,Ո,Չ,Պ,Ջ,Ռ,Ս,Վ,Տ,Ր,Ց,Ւ,Փ,Ք,Օ,Ֆ,՚,՛,՜,՝,՞,ա,բ,գ,դ,ե,զ,է,ը,թ,ժ,ի,լ,խ,ծ,կ,հ,ձ,ղ,ճ,մ,յ,ն,շ,ո,չ,պ,ջ,ռ,ս,վ,տ,ր,ց,ւ,փ,ք,օ,ֆ,և,։,֊,֏,—,․",132,kbdarmty.ldml
00000414,Norwegian,nb-NO," ,!,"",#,$,%,&,',(,),*,+,,,-,.,/,0,1,2,3,4,5,6,7,8,9,:,;,<,=,>,?,@,A,B,C,D,E,F,G,H,I,J,K,L,M,N,O,P,Q,R,S,T,U,V,W,X,Y,Z,[,\,\m{^},\m{`},\m{~},\m{¨},\m{´},],_,a,b,c,d,e,f,g,h,i,j,k,l,m,n,o,p,q,r,s,t,u,v,w,x,y,z,{,|,},£,¤,§,µ,Å,Æ,Ø,å,æ,ø,€",108,KBDNO.ldml
00000426,Latvian,lv-LV," ,!,"",#,$,%,&,(,),,,-,.,/,0,1,2,3,4,5,6,7,8,9,:,;,<,=,>,?,@,A,B,C,D,E,F,G,H,I,J,K,L,M,N,O,P,Q,R,S,T,U,V,W,X,Y,Z,[,\,\m{~},\m{¨},\m{°},\m{´},],^,_,a,b,c,d,e,f,g,h,i,j,k,l,m,n,o,p,q,r,s,t,u,v,w,x,y,z,{,|,},«,­,±,»,Õ,×,õ,Ā,ā,Č,č,Ē,ē,Ģ,ģ,Ī,ī,Ķ,ķ,Ļ,ļ,Ņ,ņ,Ŗ,ŗ,Š,š,Ū,ū,Ž,ž,–,—,’,€",129,KBDLV.ldml
0000041d,Swedish,sv-SE," ,!,"",#,$,%,&,',(,),*,+,,,-,.,/,0,1,2,3,4,5,6,7,8,9,:,;,<,=,>,?,@,A,B,C,D,E,F,G,H,I,J,K,L,M,N,O,P,Q,R,S,T,U,V,W,X,Y,Z,[,\,\m{^},\m{`},\m{~},\m{¨},\m{´},],_,a,b,c,d,e,f,g,h,i,j,k,l,m,n,o,p,q,r,s,t,u,v,w,x,y,z,{,|,},£,¤,§,µ,½,Ä,Å,Ö,ä,å,ö,€",109,KBDSW.ldml
00000445,Bangla,bn-IN," ,(,),,,-,.,0,1,2,3,4,5,6,7,8,9,\u{9CD}র,{,ঁ,ং,ঃ,অ,অ\u{9CD}য\u{9BE},আ,ই,ঈ,উ,ঊ,ঋ,ঌ,এ,ঐ,ও,ঔ,ক,ক\u{9CD}র,খ,গ,ঘ,ঙ,চ,ছ,জ,জ\u{9CD}র,ঝ,ঞ,ট,ঠ,ড,ঢ,ণ,ত,ত\u{9CD}ষ,থ,দ,ধ,ন,প,ফ,ব,ভ,ম,য,র,র\u{9CD},ল,শ,শ\u{9CD}র,ষ,স,হ,়,া,ি,ী,ু,ূ,ৃ,ে,ৈ,ো,ৌ,্,ৎ,ৗ,ড়,ঢ়,য়,ৠ,ৡ,ৢ,ৣ,০,১,২,৩,৪,৫,৬,৭,৮,৯,ৰ,ৱ,৴,৵,৶,৷,৸,৹,৺,‌,‍,₹",114,KBDINBEN.ldml
00000406,Danish,da-DK," ,!,"",#,$,%,&,',(,),*,+,,,-,.,/,0,1,2,3,4,5,6,7,8,9,:,;,<,=,>,?,@,A,B,C,D,E,F,G,H,I,J,K,L,M,N,O,P,Q,R,S,T,U,V,W,X,Y,Z,[,\,\m{^},\m{`},\m{~},\m{¨},\m{´},],_,a,b,c,d,e,f,g,h,i,j,k,l,m,n,o,p,q,r,s,t,u,v,w,x,y,z,{,|,},£,¤,§,µ,½,Å,Æ,Ø,å,æ,ø,€",109,KBDDA.ldml
00000448,Odia,or-IN," ,(,),,,-,.,0,1,2,3,4,5,6,7,8,9,\u{B4D}ର,।,॥,ଁ,ଂ,ଃ,ଅ,ଆ,ଇ,ଈ,ଉ,ଊ,ଋ,ଌ,ଏ,ଐ,ଓ,ଔ,କ,କ\u{B4D}ଷ,ଖ,ଗ,ଘ,ଙ,ଚ,ଛ,ଜ,ଜ\u{B4D}ଞ,ଝ,ଞ,ଟ,ଠ,ଡ,ଢ,ଣ,ତ,ତ\u{B4D}ର,ଥ,ଦ,ଧ,ନ,ପ,ଫ,ବ,ଭ,ମ,ଯ,ଯ\u{B3C},ର,ର\u{B4D},ଲ,ଳ,ଵ,ଶ,ଶ\u{B4D}ର,ଷ,ସ,ହ,଼,ଽ,ା,ି,ୀ,ୁ,ୂ,ୃ,ୄ,େ,ୈ,ୋ,ୌ,୍,ଡ଼,ଢ଼,ୟ,ୠ,ୡ,ୢ,ୣ,୦,୧,୨,୩,୪,୫,୬,୭,୮,୯,୰,ୱ,‌,‍,₹",110,KBDINORI.ldml
00010426,Latvian (QWERTY),lv-LV," ,!,"",#,$,%,&,',(,),*,+,,,-,.,/,0,1,2,3,4,5,6,7,8,9,:,;,<,=,>,?,@,A,B,C,D,E,F,G,H,I,J,K,L,M,N,O,P,Q,R,S,T,U,V,W,X,Y,Z,[,\,\m{~},\m{¨},\m{°},\m{´},],^,_,`,a,b,c,d,e,f,g,h,i,j,k,l,m,n,o,p,q,r,s,t,u,v,w,x,y,z,{,|,},~, ,§,«,­,°,±,»,Õ,×,õ,Ā,ā,Č,č,Ē,ē,Ģ,ģ,Ī,ī,Ķ,ķ,Ļ,ļ,Ņ,ņ,Ŗ,ŗ,Š,š,Ū,ū,Ž,ž,–,—,’,€",137,KBDLV1.ldml
00000407,German,de-DE," ,!,"",#,$,%,&,',(,),*,+,,,-,.,/,0,1,2,3,4,5,6,7,8,9,:,;,<,=,>,?,@,A,B,C,D,E,F,G,H,I,J,K,L,M,N,O,P,Q,R,S,T,U,V,W,X,Y,Z,[,\,\m{^},\m{`},\m{´},],_,a,b,c,d,e,f,g,h,i,j,k,l,m,n,o,p,q,r,s,t,u,v,w,x,y,z,{,|,},~,§,°,²,³,µ,Ä,Ö,Ü,ß,ä,ö,ü,ẞ,€",110,KBDGR.ldml
0000045a,Syriac,syr-SY," ,!,(,),+,-,.,0,1,2,3,4,5,6,7,8,9,:,=,[,],«,»,̃,̄,̇,̈,̊,̣,̤,̥,̭,̮,̰,̱,،,؛,؟,ء,ـ,ً,ٌ,ٍ,َ,ُ,ِ,ّ,ْ,ٓ,ٔ,ٕ,ٰ,܀,܁,܂,܃,܄,܅,܆,܇,܈,܉,܊,܋,܌,܍,܏,ܐ,ܑ,ܒ,ܓ,ܔ,ܕ,ܖ,ܗ,ܘ,ܙ,ܚ,ܛ,ܜ,ܝ,ܞ,ܟ,ܠ,ܡ,ܢ,ܣ,ܤ,ܥ,ܦ,ܧ,ܨ,ܩ,ܪ,ܫ,ܬ,ܰ,ܱ,ܲ,ܳ,ܴ,ܵ,ܶ,ܷ,ܸ,ܹ,ܺ,ܻ,ܼ,ܽ,ܾ,ܿ,݀,݁,݂,݃,݄,݅,݆,݇,݈,݉,݊,‌,‍,‎,‏,┌,┐,♰,♱",131,KBDSYR1.ldml
00010419,Russian (Typewriter),ru-RU," ,!,"",%,(,),+,,,-,.,/,0,1,2,3,4,5,6,7,8,9,:,;,=,?,\,_,|,Ё,А,Б,В,Г,Д,Е,Ж,З,И,Й,К,Л,М,Н,О,П,Р,С,Т,У,Ф,Х,Ц,Ч,Ш,Щ,Ъ,Ы,Ь,Э,Ю,Я,а,б,в,г,д,е,ж,з,и,й,к,л,м,н,о,п,р,с,т,у,ф,х,ц,ч,ш,щ,ъ,ы,ь,э,ю,я,ё,₽,№",96,KBDRU1.ldml
00010427,Lithuanian,lt-LT," ,!,"",#,$,%,&,',(,),*,+,,,-,.,/,0,1,2,3,4,5,6,7,8,9,:,;,<,=,>,?,@,A,B,C,D,E,F,G,H,I,J,K,L,M,N,O,P,Q,R,S,T,U,V,W,X,Y,Z,[,\,],^,_,`,a,b,c,d,e,f,g,h,i,j,k,l,m,n,o,p,q,r,s,t,u,v,w,x,y,z,{,|,},~,Ą,ą,Č,č,Ė,ė,Ę,ę,Į,į,Š,š,Ū,ū,Ų,ų,Ž,ž,€",114,KBDLT1.ldml
00030408,Greek (220) Latin,el-GR," ,!,"",#,$,%,&,',(,),*,+,,,-,.,/,0,1,2,3,4,5,6,7,8,9,:,;,<,=,>,?,@,A,B,C,D,E,F,G,H,I,J,K,L,M,N,O,P,Q,R,S,T,U,V,W,X,Y,Z,[,\,\m{¨},\m{΄},\m{΅},],_,a,b,c,d,e,f,g,h,i,j,k,l,m,n,o,p,q,r,s,t,u,v,w,x,y,z,{,|,},£,¤,¦,§,«,¬,°,±,²,³,¶,»,½,€",109,KBDHELA2.ldml
00000402,Bulgarian (Typewriter),bg-BG," ,!,"",%,(,),+,,,-,.,/,0,1,2,3,4,5,6,7,8,9,:,;,=,?,V,\,_,`,|,~,§,І,А,Б,В,Г,Д,Е,Ж,З,И,Й,К,Л,М,Н,О,П,Р,С,Т,У,Ф,Х,Ц,Ч,Ш,Щ,Ъ,Ь,Э,Ю,Я,а,б,в,г,д,е,ж,з,и,й,к,л,м,н,о,п,р,с,т,у,ф,х,ц,ч,ш,щ,ъ,ы,ь,э,ю,я,№",97,KBDBU.ldml
0002045d,Inuktitut - Nattilik,iu-Cans-CA," ,!,"",#,$,%,&,',(,),*,+,,,-,.,/,0,1,2,3,4,5,6,7,8,9,:,;,<,=,>,?,@,A,B,C,D,E,F,G,H,I,J,K,L,M,N,O,P,Q,R,S,T,U,V,W,X,Y,Z,[,\,\m{]},],^,_,`,a,b,c,d,e,f,g,h,i,j,k,l,m,n,o,p,q,r,s,t,u,v,w,x,y,z,{,|,},~,Ł,ł,Ŋ,ŋ,Ř,ř,Š,š,ᐃ,ᐄ,ᐅ,ᐆ,ᐊ,ᐋ,ᐱ,ᐲ,ᐳ,ᐴ,ᐸ,ᐹ,ᑉ,ᑎ,ᑏ,ᑐ,ᑑ,ᑕ,ᑖ,ᑦ,ᑭ,ᑮ,ᑯ,ᑰ,ᑲ,ᑳ,ᒃ,ᒋ,ᒌ,ᒍ,ᒎ,ᒐ,ᒑ,ᒡ,ᒥ,ᒦ,ᒧ,ᒨ,ᒪ,ᒫ,ᒻ,ᓂ,ᓃ,ᓄ,ᓅ,ᓇ,ᓈ,ᓐ,ᓕ,ᓖ,ᓗ,ᓘ,ᓚ,ᓛ,ᓪ,ᓯ,ᓰ,ᓱ,ᓲ,ᓴ,ᓵ,ᔅ,ᔨ,ᔩ,ᔪ,ᔫ,ᔭ,ᔮ,ᔾ,ᕆ,ᕇ,ᕈ,ᕉ,ᕋ,ᕌ,ᕐ,ᕕ,ᕖ,ᕗ,ᕘ,ᕙ,ᕚ,ᕝ,ᕠ,ᕢ,ᕤ,ᕥ,ᕦ,ᕧ,ᕼ,ᕿ,ᖀ,ᖁ,ᖂ,ᖃ,ᖄ,ᖅ,ᖏ,ᖐ,ᖑ,ᖒ,ᖓ,ᖔ,ᖕ,ᖠ,ᖡ,ᖢ,ᖣ,ᖤ,ᖥ,ᖦ,ᖨ,ᖩ,ᖪ,ᖫ,ᖬ,ᖭ,ᖮ,ᙱ,ᙲ,ᙳ,ᙴ,ᙵ,ᙶ,‘,’,“,”,•,−,𑪰,𑪱,𑪲,𑪴,𑪵,𑪶,𑪷,𑪸,𑪹,𑪺,𑪻",245,KBDINUK3.ldml
00000492,Central Kurdish,ku-Arab-IQ," ,!,"",#,$,&,',(,),*,+,-,.,/,:,<,=,>,@,[,\,],^,_,`,{,|,},~,،,؛,؟,ء,آ,أ,ؤ,إ,ئ,ا,ب,ة,ت,ث,ج,ح,خ,د,ذ,ر,ز,س,ش,ص,ض,ط,ظ,ع,غ,ـ,ف,ق,ك,ل,م,ن,ه,و,وو,ى,ي,٠,١,٢,٣,٤,٥,٦,٧,٨,٩,٪,پ,چ,ڕ,ژ,ڤ,ک,گ,ڵ,ۆ,ی,ێ,ە,‌,‍,‎,‏",97,KBDKURD.ldml
00110c00,Javanese,jv-Java," ,!,#,$,%,&,(,),*,+,-,/,0,1,2,3,4,5,6,7,8,9,=,?,@,[,\,\u{A9BA}ꦴ,\u{A9C0}ꦭ,\u{A9C0}ꦮ,],^,_,`,|,~,​,‌,ꦀ,ꦁ,ꦂ,ꦃ,ꦄ,ꦄ\u{A9B4},ꦄ\u{A9BC},ꦅ,ꦆ,ꦇ,ꦈ,ꦉ,ꦊ,ꦋ,ꦌ,ꦍ,ꦎ,ꦏ,ꦐ,ꦑ,ꦒ,ꦓ,ꦔ,ꦕ,ꦖ,ꦗ,ꦘ,ꦙ,ꦚ,ꦛ,ꦜ,ꦝ,ꦞ,ꦟ,ꦠ,ꦡ,ꦢ,ꦣ,ꦤ,ꦥ,ꦦ,ꦧ,ꦨ,ꦩ,ꦪ,ꦫ,ꦬ,ꦭ,ꦮ,ꦯ,ꦰ,ꦱ,ꦲ,꦳,ꦴ,ꦵ,ꦶ,ꦷ,ꦸ,ꦹ,ꦺ,ꦻ,ꦼ,ꦽ,ꦾ,ꦿ,꧀,꧁,꧂,꧃,꧄,꧅,꧆,꧇,꧈,꧉,꧊,꧋,꧌,꧍,ꧏ,꧐,꧑,꧒,꧓,꧔,꧕,꧖,꧗,꧘,꧙,꧞,꧟",131,KBDJAV.ldml
00000401,Arabic (101),ar-SA," ,!,"",#,$,%,&,(,),*,+,,,-,.,/,0,1,2,3,4,5,6,7,8,9,:,<,=,>,@,[,\,],^,_,{,|,},~,×,÷,،,؛,؟,ء,آ,أ,ؤ,إ,ئ,ا,ب,ة,ت,ث,ج,ح,خ,د,ذ,ر,ز,س,ش,ص,ض,ط,ظ,ع,غ,ـ,ف,ق,ك,ل,لآ,لأ,لإ,لا,م,ن,ه,و,ى,ي,ً,ٌ,ٍ,َ,ُ,ِ,ّ,ْ,‌,‍,‎,‏,‘,’",99,KBDA1.ldml
00040437,Georgian (Old Alphabets),ka-GE," ,!,"",#,$,%,&,',(,),*,+,,,-,.,/,0,1,2,3,4,5,6,7,8,9,:,;,=,>,?,@,[,\,],^,_,`,{,|,},~,§,«,°,»,Ⴀ,Ⴁ,Ⴂ,Ⴃ,Ⴄ,Ⴅ,Ⴆ,Ⴇ,Ⴈ,Ⴉ,Ⴊ,Ⴋ,Ⴌ,Ⴍ,Ⴎ,Ⴏ,Ⴐ,Ⴑ,Ⴒ,Ⴓ,Ⴔ,Ⴕ,Ⴖ,Ⴗ,Ⴘ,Ⴙ,Ⴚ,Ⴛ,Ⴜ,Ⴝ,Ⴞ,Ⴠ,Ⴡ,Ⴤ,ჳ,ჶ,ჸ,ჹ,ჺ,჻,ჼ,—,“,„,€,№,ⴀ,ⴁ,ⴂ,ⴃ,ⴄ,ⴅ,ⴆ,ⴇ,ⴈ,ⴉ,ⴊ,ⴋ,ⴌ,ⴍ,ⴎ,ⴏ,ⴐ,ⴑ,ⴒ,ⴓ,ⴔ,ⴕ,ⴖ,ⴗ,ⴘ,ⴙ,ⴚ,ⴛ,ⴜ,ⴝ,ⴞ,ⴟ,ⴠ,ⴡ,ⴢ,ⴤ,ⴥ",129,kbdgeooa.ldml
00000450,Mongolian Cyrillic,mn-MN," ,"",%,+,,,-,.,0,1,2,3,4,5,6,7,8,9,:,=,?,\,_,|,Ё,А,Б,В,Г,Д,Е,Ж,З,И,Й,К,Л,М,Н,О,П,Р,С,Т,У,Ф,Х,Ц,Ч,Ш,Щ,Ъ,Ы,Ь,Э,Ю,Я,а,б,в,г,д,е,ж,з,и,й,к,л,м,н,о,п,р,с,т,у,ф,х,ц,ч,ш,щ,ъ,ы,ь,э,ю,я,ё,Ү,ү,Ө,ө,₮,№",95,KBDMON.ldml
00000850,Mongolian (Mongolian Script),mn-Mong-CN," ,!,%,(,),+,-,.,0,1,2,3,4,5,6,7,8,9,;,=,?,|,~,᠁,᠂,᠃,᠄,᠊,᠋,᠌,᠍,᠎,ᠠ,ᠡ,ᠢ,ᠣ,ᠤ,ᠥ,ᠦ,ᠧ,ᠨ,ᠩ,ᠪ,ᠫ,ᠬ,ᠭ,ᠮ,ᠯ,ᠰ,ᠱ,ᠲ,ᠳ,ᠴ,ᠵ,ᠶ,ᠷ,ᠸ,ᠹ,ᠺ,ᠻ,ᠼ,ᠽ,ᠾ,ᠿ,ᡀ,ᡁ,ᡂ,‌,‍,—, ,⁈,⁉,〈,〉,《,》,〔,〕",79,KBDMONMO.ldml
00000429,Persian,fa-IR," ,!,"",#,$,%,&,(,),*,+,,,-,.,/,0,1,2,3,4,5,6,7,8,9,:,<,=,>,@,[,\,],^,_,{,|,},«,»,×,÷,،,؛,؟,ء,آ,أ,ؤ,إ,ئ,ا,ب,ة,ت,ث,ج,ح,خ,د,ذ,ر,ريال,ز,س,ش,ص,ض,ط,ظ,ع,غ,ـ,ف,ق,ل,م,ن,ه,و,ي,ً,ٌ,ٍ,َ,ُ,ِ,ّ,پ,چ,ژ,ک,گ,ۀ,ہ,ی,‌,‍,‎,‏",100,KBDFA.ldml
00000475,Hawaiian,haw-US," ,!,"",#,$,%,&,',(,),*,+,,,-,.,/,0,1,2,3,4,5,6,7,8,9,:,;,<,=,>,?,@,A,B,C,D,E,F,G,H,I,J,K,L,M,N,O,P,Q,R,S,T,U,V,W,X,Y,Z,[,\,],^,_,`,a,b,c,d,e,f,g,h,i,j,k,l,m,n,o,p,q,r,s,t,u,v,w,x,y,z,{,|,},~,Ā,ā,Ē,ē,Ī,ī,Ō,ō,Ū,ū,ʻ",106,KBDHAW.ldml
00020407,German Extended (E1),de-DE," ,!,"",#,$,%,&,',(,),*,+,,,-,.,/,0,1,2,3,4,5,6,7,8,9,:,;,<,=,>,?,@,A,B,C,D,E,F,G,H,I,J,K,L,M,N,O,P,Q,R,S,T,U,V,W,X,Y,Z,[,\,\m{^},\m{`},\m{¨},\m{¯},\m{´},\m{¸},\m{ʼ},\m{ˀ},\m{ˇ},\m{ˌ},\m{ˍ},\m{ˏ},\m{˗},\m{˘},\m{˙},\m{˚},\m{˛},\m{˜},\m{˝},\m{˟},],_,a,b,c,d,e,f,g,h,i,j,k,l,m,n,o,p,q,r,s,t,u,v,w,x,y,z,{,|,},~, ,¡,§,«,­,°,²,³,µ,·,»,¿,Ä,Ö,×,Ü,ß,ä,ö,ü,ẞ,‑,–,—,’, ,′,″,‹,›,€,−,☺",146,KBDGRE1.ldml
00030c00,Tai Le,tdd-Tale," ,*,+,-,/,=,[,],{,},·,၀,၁,၂,၃,၄,၅,၆,၇,၈,၉,ᥐ,ᥑ,ᥒ,ᥓ,ᥔ,ᥕ,ᥖ,ᥗ,ᥘ,ᥙ,ᥚ,ᥛ,ᥜ,ᥝ,ᥞ,ᥟ,ᥠ,ᥡ,ᥢ,ᥣ,ᥤ,ᥥ,ᥦ,ᥧ,ᥨ,ᥩ,ᥪ,ᥫ,ᥬ,ᥭ,ᥰ,ᥱ,ᥲ,ᥳ,ᥴ,—,‘’,“”,…,、,。,《,》,！,＃,＄,％,＆,（,）,，,：,；,？,＠,～",77,KBDTAILE.ldml
00020418,Romanian (Programmers),ro-RO," ,!,"",#,$,%,&,',(,),*,+,,,-,.,/,0,1,2,3,4,5,6,7,8,9,:,;,<,=,>,?,@,A,B,C,D,E,F,G,H,I,J,K,L,M,N,O,P,Q,R,S,T,U,V,W,X,Y,Z,[,\,\m{^},\m{`},\m{~},\m{¨},\m{°},\m{´},\m{¸},\m{ˇ},\m{˘},\m{˙},\m{˛},\m{˝},],^,_,`,a,b,c,d,e,f,g,h,i,j,k,l,m,n,o,p,q,r,s,t,u,v,w,x,y,z,{,|,},~,§,©,«,±,»,Â,Î,ß,â,î,Ă,ă,Đ,đ,Ł,ł,Ș,ș,Ț,ț,–,”,„,€",131,KBDROPR.ldml
0000043b,Norwegian with Sami,se-NO," ,!,"",#,$,%,&,',(,),*,+,,,-,.,/,0,1,2,3,4,5,6,7,8,9,:,;,<,=,>,?,@,A,B,C,D,E,F,G,H,I,J,K,L,M,N,O,P,Q,R,S,T,U,V,W,X,Y,Z,[,\,\m{^},\m{`},\m{~},\m{¨},\m{´},],_,a,b,c,d,e,f,g,h,i,j,k,l,m,n,o,p,q,r,s,t,u,v,w,x,y,z,{,|,},£,¤,§,µ,Á,Â,Ä,Å,Æ,Ï,Õ,Ö,Ø,á,â,ä,å,æ,ï,õ,ö,ø,Č,č,Đ,đ,Ŋ,ŋ,Š,š,Ŧ,ŧ,Ž,ž,Ʒ,Ǥ,ǥ,Ǧ,ǧ,Ǩ,ǩ,Ǯ,ǯ,Ȟ,ȟ,ʒ,€",144,KBDNO1.ldml
00020850,Traditional Mongolian (MNS),mn-Mong-CN," ,!,#,$,%,(,),*,+,-,/,:,<,=,>,?,@,[,],_,{,},~,«,»,᠀,᠁,᠂,᠃,᠅,᠊,᠋,᠌,᠍,᠎,᠏,᠐,᠑,᠒,᠓,᠔,᠕,᠖,᠗,᠘,᠙,ᠠ,ᠡ,ᠢ,ᠣ,ᠤ,ᠥ,ᠦ,ᠧ,ᠨ,ᠩ,ᠪ,ᠫ,ᠬ,ᠭ,ᠮ,ᠯ,ᠰ,ᠱ,ᠲ,ᠳ,ᠴ,ᠵ,ᠶ,ᠷ,ᠸ,ᠹ,ᠺ,ᠻ,ᠼ,ᠽ,ᠾ,ᠿ,ᡀ,ᡁ,ᡂ,‌,‍,“, ,₮",86,KBDMONS2.ldml
0000044e,Marathi,mr-IN," ,!,"",#,$,%,&,',(,),*,+,,,-,.,/,0,1,2,3,4,5,6,7,8,9,:,;,<,=,>,?,@,[,\,\u{94D}र,],^,_,`,{,|,},~,ँ,ं,ः,अ,आ,इ,ई,उ,ऊ,ऋ,ऍ,ए,ऐ,ऑ,ओ,औ,क,क\u{94D}ष,ख,ग,घ,ङ,च,छ,ज,ज\u{94D}ञ,झ,ञ,ट,ठ,ड,ढ,ण,त,त\u{94D}र,थ,द,ध,न,प,फ,ब,भ,म,य,र,र\u{94D},ऱ,ल,ळ,व,श,श\u{94D}र,ष,स,ह,़,ऽ,ा,ि,ी,ु,ू,ृ,ॅ,े,ै,ॉ,ो,ौ,्,ॐ,य़,।,०,१,२,३,४,५,६,७,८,९,‌,‍,₹",131,KBDINMAR.ldml
00070c00,Lisu (Basic),lis-Lisu," ,!,"",#,$,%,&,(,),*,+,,,-,.,/,0,1,2,3,4,5,6,7,8,9,<,>,?,@,Q,[,\,],^,_,`,{,|,},~,ʼ,ˍ,‐,ꓐ,ꓑ,ꓒ,ꓓ,ꓔ,ꓕ,ꓖ,ꓗ,ꓘ,ꓙ,ꓚ,ꓛ,ꓜ,ꓝ,ꓞ,ꓟ,ꓠ,ꓡ,ꓢ,ꓣ,ꓤ,ꓥ,ꓦ,ꓧ,ꓨ,ꓩ,ꓪ,ꓫ,ꓬ,ꓭ,ꓮ,ꓯ,ꓰ,ꓱ,ꓲ,ꓳ,ꓴ,ꓵ,ꓶ,ꓷ,ꓸꓼ,ꓹꓼ,ꓺ,ꓻ,ꓼ,ꓽ,꓾,꓿",91,kbdlisub.ldml
0001040e,Hungarian 101-key,hu-HU," ,!,"",#,$,%,&,',(,),*,+,,,-,.,/,0,1,2,3,4,5,6,7,8,9,:,;,<,=,>,?,@,A,B,C,D,E,F,G,H,I,J,K,L,M,N,O,P,Q,R,S,T,U,V,W,X,Y,Z,[,\,],^,_,`,a,b,c,d,e,f,g,h,i,j,k,l,m,n,o,p,q,r,s,t,u,v,w,x,y,z,{,|,},~,¤,§,°,´,Á,Ä,É,Í,Ó,Ö,×,Ú,Ü,ß,á,ä,é,í,ó,ö,÷,ú,ü,Đ,đ,Ł,ł,Ő,ő,Ű,ű,ˇ,˘,˙,˛,˝,€",132,KBDHU1.ldml
0000040d,Hebrew,he-IL," ,!,"",#,$,%,&,',(,),*,+,,,-,.,/,0,1,2,3,4,5,6,7,8,9,:,;,<,=,>,?,@,A,B,C,D,E,F,G,H,I,J,K,L,M,N,O,P,Q,R,S,T,U,V,W,X,Y,Z,[,\,],^,_,{,|,},~,ְ,ֱ,ֲ,ֳ,ִ,ֵ,ֶ,ַ,ָ,ֹ,ֻ,ּ,ֿ,ׁ,ׂ,א,ב,ג,ד,ה,ו,ז,ח,ט,י,ך,כ,ל,ם,מ,ן,נ,ס,ע,ף,פ,ץ,צ,ק,ר,ש,ת,װ,ױ,ײ,‎,‏,₪,€",117,KBDHEB.ldml
00000424,Slovenian,sl-SI," ,!,"",#,$,%,&,',(,),*,+,,,-,.,/,0,1,2,3,4,5,6,7,8,9,:,;,<,=,>,?,@,A,B,C,D,E,F,G,H,I,J,K,L,M,N,O,P,Q,R,S,T,U,V,W,X,Y,Z,[,\,\m{^},\m{¨},\m{°},\m{´},\m{¸},\m{ˇ},\m{˘},\m{˙},\m{˛},\m{˝},],_,`,a,b,c,d,e,f,g,h,i,j,k,l,m,n,o,p,q,r,s,t,u,v,w,x,y,z,{,|,},~,¤,§,×,ß,÷,Ć,ć,Č,č,Đ,đ,Ł,ł,Š,š,Ž,ž,€",122,KBDCR.ldml
0001045d,Inuktitut - Naqittaut,iu-Cans-CA," ,!,"",#,$,%,&,',(,),*,+,,,-,.,/,0,1,2,3,4,5,6,7,8,9,:,;,<,=,>,?,@,A,B,C,D,E,F,G,H,I,J,K,L,M,N,O,P,Q,R,S,T,U,V,W,X,Y,Z,[,\,\m{]},],^,_,`,a,b,c,d,e,f,g,h,i,j,k,l,m,n,o,p,q,r,s,t,u,v,w,x,y,z,{,|,},~,¢,©,®,¼,½,¾,÷,Ł,ł,ŋ,ᐃ,ᐄ,ᐅ,ᐆ,ᐊ,ᐋ,ᐱ,ᐲ,ᐳ,ᐴ,ᐸ,ᐹ,ᑉ,ᑎ,ᑏ,ᑐ,ᑑ,ᑕ,ᑖ,ᑦ,ᑭ,ᑮ,ᑯ,ᑰ,ᑲ,ᑳ,ᒃ,ᒋ,ᒌ,ᒍ,ᒎ,ᒐ,ᒑ,ᒡ,ᒥ,ᒦ,ᒧ,ᒨ,ᒪ,ᒫ,ᒻ,ᓂ,ᓃ,ᓄ,ᓅ,ᓇ,ᓈ,ᓐ,ᓕ,ᓖ,ᓗ,ᓘ,ᓚ,ᓛ,ᓪ,ᓯ,ᓰ,ᓱ,ᓲ,ᓴ,ᓵ,ᔅ,ᔨ,ᔩ,ᔪ,ᔫ,ᔭ,ᔮ,ᔾ,ᕆ,ᕇ,ᕈ,ᕉ,ᕋ,ᕌ,ᕐ,ᕕ,ᕖ,ᕗ,ᕘ,ᕙ,ᕚ,ᕝ,ᕼ,ᕿ,ᖀ,ᖁ,ᖂ,ᖃ,ᖄ,ᖅ,ᖏ,ᖐ,ᖑ,ᖒ,ᖓ,ᖔ,ᖕ,ᖠ,ᖡ,ᖢ,ᖣ,ᖤ,ᖥ,ᖦ,ᙱ,ᙲ,ᙳ,ᙴ,ᙵ,ᙶ,‘,’,“,”,•,⅔,−",224,KBDINUK2.ldml
00000453,Khmer,km-KH," ,!,#,$,%,&,(,),*,+,,,-,.,/,0,1,2,3,4,5,6,7,8,9,:,;,<,=,>,?,@,[,\,\u{17B6}ំ,\u{17BB}ំ,\u{17BB}ះ,\u{17C1}ះ,\u{17C4}ះ,],_,{,},£,¥,«,­,฿,ក,ខ,គ,ឃ,ង,ច,ឆ,ជ,ឈ,ញ,ដ,ឋ,ឌ,ឍ,ណ,ត,ថ,ទ,ធ,ន,ប,ផ,ព,ភ,ម,យ,រ,ល,វ,ឝ,ឞ,ស,ហ,ឡ,អ,ឥ,ឦ,ឧ,ឩ,ឪ,ឫ,ឬ,ឭ,ឮ,ឯ,ឰ,ឱ,ឳ,ា,ិ,ី,ឹ,ឺ,ុ,ូ,ួ,ើ,ឿ,ៀ,េ,ែ,ៃ,ោ,ៅ,ំ,ះ,ៈ,៉,៊,់,៌,៍,៎,៏,័,៑,្,។,៕,៖,ៗ,៙,៚,៛,៝,០,១,២,៣,៤,៥,៦,៧,៨,៩,៰,៱,៲,៳,៴,៵,៶,៷,៸,៹,᧠,᧡,᧢,᧣,᧤,᧥,᧦,᧧,᧨,᧩,᧪,᧫,᧬,᧭,᧮,᧯,᧰,᧱,᧲,᧳,᧴,᧵,᧶,᧷,᧸,᧹,᧺,᧻,᧼,᧽,᧾,᧿,​,‌,‍,—,’,”,•,‹,›,₣,₫,€,₭",197,KBDKHMR.ldml
00000465,Divehi Phonetic,dv-MV," ,!,"",#,$,%,&,',(,),*,+,,,-,.,/,0,1,2,3,4,5,6,7,8,9,:,;,<,=,>,@,[,\,],^,_,`,{,|,},~,×,÷,،,؛,؟,ހ,ށ,ނ,ރ,ބ,ޅ,ކ,އ,ވ,މ,ފ,ދ,ތ,ލ,ގ,ޏ,ސ,ޑ,ޒ,ޓ,ޔ,ޕ,ޖ,ޗ,ޘ,ޙ,ޚ,ޛ,ޜ,ޝ,ޞ,ޟ,ޠ,ޡ,ޢ,ޣ,ޤ,ޥ,ަ,ާ,ި,ީ,ު,ޫ,ެ,ޭ,ޮ,ޯ,ް,‌,‍,‎,‏,ﷲ",101,KBDDIV1.ldml
0001080c,Belgian (Comma),fr-BE," ,!,"",#,$,%,&,',(,),*,+,,,-,.,/,0,1,2,3,4,5,6,7,8,9,:,;,<,=,>,?,@,A,B,C,D,E,F,G,H,I,J,K,L,M,N,O,P,Q,R,S,T,U,V,W,X,Y,Z,[,\,\m{^},\m{`},\m{~},\m{¨},\m{´},],^,_,a,b,c,d,e,f,g,h,i,j,k,l,m,n,o,p,q,r,s,t,u,v,w,x,y,z,{,|,},£,§,°,²,³,µ,à,ç,è,é,ù,€",110,KBDBENE.ldml
0000046f,Greenlandic,kl-GL," ,!,"",#,$,%,&,',(,),*,+,,,-,.,/,0,1,2,3,4,5,6,7,8,9,:,;,<,=,>,?,@,A,B,C,D,E,F,G,H,I,J,K,L,M,N,O,P,Q,R,S,T,U,V,W,X,Y,Z,[,\,\m{^},\m{`},\m{~},\m{¨},\m{´},],_,a,b,c,d,e,f,g,h,i,j,k,l,m,n,o,p,q,r,s,t,u,v,w,x,y,z,{,|,},£,¤,§,µ,½,Å,Æ,Ð,Ø,Þ,ß,å,æ,ð,ø,þ,ĸ,€",115,KBDGRLND.ldml
00040408,Greek (319) Latin,el-GR," ,!,"",#,$,%,&,',(,),*,+,,,-,.,/,0,1,2,3,4,5,6,7,8,9,:,;,<,=,>,?,@,A,B,C,D,E,F,G,H,I,J,K,L,M,N,O,P,Q,R,S,T,U,V,W,X,Y,Z,[,\,\m{^},\m{`},\m{~},\m{¨},\m{´},],_,a,b,c,d,e,f,g,h,i,j,k,l,m,n,o,p,q,r,s,t,u,v,w,x,y,z,{,|,},€",98,KBDHELA3.ldml
0000081a,Serbian (Latin),sr-Latn-CS," ,!,"",#,$,%,&,',(,),*,+,,,-,.,/,0,1,2,3,4,5,6,7,8,9,:,;,<,=,>,?,@,A,B,C,D,E,F,G,H,I,J,K,L,M,N,O,P,Q,R,S,T,U,V,W,X,Y,Z,[,\,\m{^},\m{¨},\m{°},\m{´},\m{¸},\m{ˇ},\m{˘},\m{˙},\m{˛},\m{˝},\m{‚},],_,`,a,b,c,d,e,f,g,h,i,j,k,l,m,n,o,p,q,r,s,t,u,v,w,x,y,z,{,|,},~,¤,§,×,ß,÷,Ć,ć,Č,č,Đ,đ,Ł,ł,Š,š,Ž,ž,€",123,KBDYCL.ldml
0002040c,"French (Standard, BÉPO)",fr-FR," ,!,"",#,$,%,&,',(,),*,+,,,-,.,/,0,1,2,3,4,5,6,7,8,9,:,;,<,=,>,?,@,A,B,C,D,E,F,G,H,I,J,K,L,M,N,O,P,Q,R,S,T,U,V,W,X,Y,Z,[,\,\m{,},\m{-},\m{.},\m{/},\m{^},\m{`},\m{~},\m{¤},\m{¨},\m{¯},\m{´},\m{µ},\m{¸},\m{ß},\m{ˇ},\m{˘},\m{˙},\m{˚},\m{˛},\m{ᵉ},\m{∞},],^,_,`,a,b,c,d,e,f,g,h,i,j,k,l,m,n,o,p,q,r,s,t,u,v,w,x,y,z,{,|,},~, ,¡,£,§,©,«,®,°,±,¶,·,»,¼,½,¾,¿,À,Æ,Ç,È,É,Ê,×,Ù,à,æ,ç,è,é,ê,÷,ù,Œ,œ,ſ,‑,–,—,‘,’,“,”,„,†,‡,…, ,‰,′,″,€,™,−,≠,⩽,⩾",172,KBDFRNB.ldml
0001040a,Spanish Variation,es-ES," ,!,"",#,$,%,&,',(,),*,+,,,-,.,/,0,1,2,3,4,5,6,7,8,9,:,;,<,=,>,?,@,A,B,C,D,E,F,G,H,I,J,K,L,M,N,O,P,Q,R,S,T,U,V,W,X,Y,Z,[,\,\m{^},\m{`},\m{~},\m{¨},\m{´},],_,a,b,c,d,e,f,g,h,i,j,k,l,m,n,o,p,q,r,s,t,u,v,w,x,y,z,{,|,},~,¡,£,§,ª,¬,±,·,¼,½,¿,Ç,Ñ,×,ç,ñ,÷,₧,€",116,KBDES.ldml
00010408,Greek (220),el-GR," ,!,"",#,$,%,&,',(,),*,+,,,-,.,/,0,1,2,3,4,5,6,7,8,9,:,;,<,=,>,?,@,[,\m{¨},\m{΄},\m{΅},],_,{,},~,£,¤,¥,¦,§,©,«,¬,®,°,±,²,³,¶,»,½,;,Α,Β,Γ,Δ,Ε,Ζ,Η,Θ,Ι,Κ,Λ,Μ,Ν,Ξ,Ο,Π,Ρ,Σ,Τ,Υ,Φ,Χ,Ψ,Ω,α,β,γ,δ,ε,ζ,η,θ,ι,κ,λ,μ,ν,ξ,ο,π,ρ,ς,σ,τ,υ,φ,χ,ψ,ω,€",109,KBDHE220.ldml
00000415,Polish (Programmers),pl-PL," ,!,"",#,$,%,&,',(,),*,+,,,-,.,/,0,1,2,3,4,5,6,7,8,9,:,;,<,=,>,?,@,A,B,C,D,E,F,G,H,I,J,K,L,M,N,O,P,Q,R,S,T,U,V,W,X,Y,Z,[,\,\m{~},],^,_,`,a,b,c,d,e,f,g,h,i,j,k,l,m,n,o,p,q,r,s,t,u,v,w,x,y,z,{,|,},Ó,ó,Ą,ą,Ć,ć,Ę,ę,Ł,ł,Ń,ń,Ś,ś,Ź,ź,Ż,ż,€",114,KBDPL1.ldml
00010418,Romanian (Standard),ro-RO," ,!,"",#,$,%,&,',(,),*,+,,,-,.,/,0,1,2,3,4,5,6,7,8,9,:,;,<,=,>,?,@,A,B,C,D,E,F,G,H,I,J,K,L,M,N,O,P,Q,R,S,T,U,V,W,X,Y,Z,[,\,\m{^},\m{`},\m{~},\m{¨},\m{°},\m{´},\m{¸},\m{ˇ},\m{˘},\m{˙},\m{˛},\m{˝},],^,_,`,a,b,c,d,e,f,g,h,i,j,k,l,m,n,o,p,q,r,s,t,u,v,w,x,y,z,{,|,},~,§,©,«,±,»,Â,Î,ß,â,î,Ă,ă,Đ,đ,Ł,ł,Ș,ș,Ț,ț,–,”,„,€",131,KBDROST.ldml
00000c51,Dzongkha,dz-BT," ,"",',(,),*,+,,,-,.,/,0,1,2,3,4,5,6,7,8,9,:,;,=,?,\, ,༁,༃,༄,༅,༆,༈,༉,༊,་,༌,།,༎,༏,༑,༒,༓,༔,༗,༘,༙,༚,༛,༜,༝,༞,༟,༠,༡,༢,༣,༤,༥,༦,༧,༨,༩,༴,༵,༶,༷,༸,༹,༺,༻,༼,༽,༾,༿,ཀ,ཁ,ག,ང,ཅ,ཆ,ཇ,ཉ,ཊ,ཋ,ཌ,ཎ,ཏ,ཐ,ད,ན,པ,ཕ,བ,མ,ཙ,ཚ,ཛ,ཝ,ཞ,ཟ,འ,ཡ,ར,ལ,ཤ,ཥ,ས,ཧ,ཨ,ཪ,ཱ,ི,ུ,ེ,ཻ,ོ,ཽ,ཾ,ཿ,ྀ,ྂ,ྃ,྄,྅,྆,྇,ྈ,ྉ,ྊ,ྋ\u{F99},ྌ,ྍ,ྎ,ྏ,ྐ,ྑ,ྒ,ྔ,ྕ,ྖ,ྗ,ྙ,ྚ,ྛ,ྜ,ྞ,ྟ,ྠ,ྡ,ྣ,ྤ,ྥ,ྦ,ྨ,ྩ,ྪ,ྫ,ྭ,ྮ,ྯ,ྰ,ྱ,ྲ,ླ,ྴ,ྵ,ྶ,ྷ,ྸ,ྺ,ྻ,ྼ,྾,྿,࿐,࿑,࿒,࿓,࿔,࿙,࿚",182,KBDDZO.ldml
00130c00,Myanmar (Visual order),my," ,!,"",#,$,%,&,',(,),*,+,,,-,.,/,0,1,2,3,4,5,6,7,8,9,:,;,<,=,>,?,@,A,B,C,D,E,F,G,H,I,J,K,L,M,N,O,P,Q,R,S,T,U,V,W,X,Y,Z,[,\,],^,_,`,a,b,c,d,e,f,g,h,i,j,k,l,m,n,o,p,q,r,s,t,u,v,w,x,y,z,{,|,},~,က,ခ,ဂ,ဃ,င,စ,ဆ,ဇ,ဈ,ဉ,ည,ဋ,ဌ,ဍ,ဎ,ဏ,တ,ထ,ဒ,ဓ,န,ပ,ဖ,ဗ,ဘ,မ,ယ,ရ,လ,ဝ,သ,ဟ,ဠ,အ,ဣ,ဤ,ဥ,ဦ,ဧ,ဩ,ဪ,ါ,ာ,ိ,ီ,ု,ူ,ေ,ဲ,ံ,့,း,္,်,ျ,ြ,ွ,ှ,ဿ,၀,၁,၂,၃,၄,၅,၆,၇,၈,၉,၊,။,၌,၍,၎,၏,ၐ,ၑ,ၒ,ၓ,ၔ,ၕ",176,KBDMYAN.ldml
00000413,Dutch,nl-NL," ,!,"",#,$,%,&,',(,),*,+,,,-,.,/,0,1,2,3,4,5,6,7,8,9,:,;,<,=,>,?,@,A,B,C,D,E,F,G,H,I,J,K,L,M,N,O,P,Q,R,S,T,U,V,W,X,Y,Z,[,\,\m{^},\m{`},\m{~},\m{¨},\m{´},\m{¸},],_,a,b,c,d,e,f,g,h,i,j,k,l,m,n,o,p,q,r,s,t,u,v,w,x,y,z,{,|,},¢,£,¦,§,«,¬,°,±,²,³,µ,¶,·,¹,»,¼,½,¾,ß,€",118,KBDNE.ldml
0000041c,Albanian,sq-AL," ,!,"",#,$,%,&,',(,),*,+,,,-,.,/,0,1,2,3,4,5,6,7,8,9,:,;,<,=,>,?,@,A,B,C,D,E,F,G,H,I,J,K,L,M,N,O,P,Q,R,S,T,U,V,W,X,Y,Z,[,\,\m{^},\m{¨},\m{°},\m{´},\m{¸},\m{ˇ},\m{˘},\m{˙},\m{˛},\m{˝},],^,_,`,a,b,c,d,e,f,g,h,i,j,k,l,m,n,o,p,q,r,s,t,u,v,w,x,y,z,{,|,},~,¤,§,Ç,Ë,×,ß,ç,ë,÷,Đ,đ,Ł,ł",118,KBDAL.ldml
0000040c,"French (Legacy, AZERTY)",fr-FR," ,!,"",#,$,%,&,',(,),*,+,,,-,.,/,0,1,2,3,4,5,6,7,8,9,:,;,<,=,>,?,@,A,B,C,D,E,F,G,H,I,J,K,L,M,N,O,P,Q,R,S,T,U,V,W,X,Y,Z,[,\,\m{^},\m{`},\m{~},\m{¨},],^,_,a,b,c,d,e,f,g,h,i,j,k,l,m,n,o,p,q,r,s,t,u,v,w,x,y,z,{,|,},£,¤,§,°,²,µ,à,ç,è,é,ù,€",109,KBDFR.ldml
0001043a,Maltese 48-Key,mt-MT," ,!,"",#,$,%,&,',(,),*,+,,,-,.,/,0,1,2,3,4,5,6,7,8,9,:,;,<,=,>,?,@,A,B,C,D,E,F,G,H,I,J,K,L,M,N,O,P,Q,R,S,T,U,V,W,X,Y,Z,[,\,],^,_,`,a,b,c,d,e,f,g,h,i,j,k,l,m,n,o,p,q,r,s,t,u,v,w,x,y,z,{,|,},~,£,¬,À,È,Ì,Ò,Ù,à,è,ì,ò,ù,Ċ,ċ,Ġ,ġ,Ħ,ħ,Ż,ż,€",116,KBDMLT48.ldml
0001042e,Sorbian Extended,hsb-DE," ,!,"",#,$,%,&,(,),*,+,,,-,.,/,0,1,2,3,4,5,6,7,8,9,:,;,<,=,>,?,@,A,B,C,D,E,F,G,H,I,J,K,L,M,N,O,P,Q,R,S,T,U,V,W,X,Y,Z,[,\,\m{^},\m{`},\m{°},\m{´},],_,a,b,c,d,e,f,g,h,i,j,k,l,m,n,o,p,q,r,s,t,u,v,w,x,y,z,{,|,},~,§,«,»,Ä,Ö,Ü,ß,ä,ö,ü,Ł,ł,–,‘,‚,“,„,€",114,KBDSOREX.ldml
000f0c00,Old Italic,ett-Ital," ,-,:,·,⁝,𐌀,𐌁,𐌂,𐌃,𐌄,𐌅,𐌆,𐌇,𐌈,𐌉,𐌊,𐌋,𐌌,𐌍,𐌎,𐌏,𐌐,𐌑,𐌒,𐌓,𐌔,𐌕,𐌖,𐌗,𐌘,𐌙,𐌚,𐌛,𐌜,𐌝,𐌞,𐌠,𐌡,𐌢,𐌣",40,KBDOLDIT.ldml
00000423,Belarusian,be-BY," ,!,"",%,',(,),*,+,,,-,.,/,0,1,2,3,4,5,6,7,8,9,:,;,=,?,\,_,Ё,І,Ў,А,Б,В,Г,Д,Е,Ж,З,Й,К,Л,М,Н,О,П,Р,С,Т,У,Ф,Х,Ц,Ч,Ш,Ы,Ь,Э,Ю,Я,а,б,в,г,д,е,ж,з,й,к,л,м,н,о,п,р,с,т,у,ф,х,ц,ч,ш,ы,ь,э,ю,я,ё,і,ў,№",94,KBDBLR.ldml
0000046d,Bashkir,ba-RU," ,!,"",%,(,),,,-,.,:,;,?,А,Б,В,Г,Д,Е,Ж,З,И,Й,К,Л,М,Н,О,П,Р,С,Т,У,Ф,Х,Ц,Ч,Ш,Щ,Ъ,Ы,Ь,Э,Ю,Я,а,б,в,г,д,е,ж,з,и,й,к,л,м,н,о,п,р,с,т,у,ф,х,ц,ч,ш,щ,ъ,ы,ь,э,ю,я,Ғ,ғ,Ҙ,ҙ,Ҡ,ҡ,Ң,ң,Ҫ,ҫ,Ү,ү,Һ,һ,Ә,ә,Ө,ө,₽,№",96,KBDBASH.ldml
0000041e,Thai Kedmanee,th-TH," ,"",%,(,),+,,,-,.,/,?,_,ก,ข,ฃ,ค,ฅ,ฆ,ง,จ,ฉ,ช,ซ,ฌ,ญ,ฎ,ฏ,ฐ,ฑ,ฒ,ณ,ด,ต,ถ,ท,ธ,น,บ,ป,ผ,ฝ,พ,ฟ,ภ,ม,ย,ร,ฤ,ล,ฦ,ว,ศ,ษ,ส,ห,ฬ,อ,ฮ,ฯ,ะ,ั,า,ำ,ิ,ี,ึ,ื,ุ,ู,ฺ,฿,เ,แ,โ,ใ,ไ,ๅ,ๆ,็,่,้,๊,๋,์,ํ,๐,๑,๒,๓,๔,๕,๖,๗,๘,๙",95,KBDTH0.ldml
00100c00,Sora,srb-Sora," ,!,"",#,$,%,&,',(,),*,+,,,-,.,/,:,;,<,=,>,?,@,[,\,],^,_,`,{,|,},~,₹,𑃐,𑃑,𑃒,𑃓,𑃔,𑃕,𑃖,𑃗,𑃘,𑃙,𑃚,𑃛,𑃜,𑃝,𑃞,𑃟,𑃠,𑃡,𑃢,𑃣,𑃤,𑃥,𑃦,𑃧,𑃨,𑃰,𑃱,𑃲,𑃳,𑃴,𑃵,𑃶,𑃷,𑃸,𑃹",69,KBDSORA.ldml
00000454,Lao,lo-LA," ,!,"",$,%,',(,),*,+,,,-,.,/,0,1,2,3,4,5,6,7,8,9,:,;,=,?,\,\u{EB1}້,\u{EB4}້,\u{EB5}້,\u{EB6}້,\u{EB7}້,\u{EBB}້,\u{ECD}່,_,x,ກ,ຂ,ຄ,ງ,ຈ,ຊ,ຍ,ດ,ຕ,ຖ,ທ,ນ,ບ,ປ,ຜ,ຝ,ພ,ຟ,ມ,ຢ,ຣ,ລ,ວ,ສ,ຫ,ຫ\u{EBC},ອ,ຮ,ຯ,ະ,ັ,າ,ຳ,ິ,ີ,ຶ,ື,ຸ,ູ,ົ,ຼ,ຽ,ເ,ແ,ໂ,ໃ,ໄ,ໆ,່,້,໊,໋,໌,ໍ,໐,໑,໒,໓,໔,໕,໖,໗,໘,໙,ໜ,ໝ,​,₭",106,KBDLAO.ldml
0000046a,Yoruba,yo-NG," ,!,"",#,$,%,&,(,),*,+,,,-,.,/,0,1,2,3,4,5,6,7,8,9,:,;,<,=,>,?,@,A,B,C,D,E,F,G,H,I,J,K,L,M,N,O,P,Q,R,S,T,U,V,W,X,Y,Z,\,\m{'},\m{[},\m{\},],^,_,`,a,b,c,d,e,f,g,h,i,j,k,l,m,n,o,p,q,r,s,t,u,v,w,x,y,z,{,|,},~,¦,¨,¶,Ẹ\u{300},Ẹ\u{301},ẹ\u{300},ẹ\u{301},Ọ\u{300},Ọ\u{301},ọ\u{300},ọ\u{301},‘,’,€",110,KBDYBA.ldml
00020408,Greek (319),el-GR," ,!,"",$,%,',(,),*,+,,,-,.,/,0,1,2,3,4,5,6,7,8,9,:,;,=,[,\m{¨},\m{΄},\m{΅},],_,£,¦,§,©,«,¬,°,±,²,³,·,»,½,Α,Β,Γ,Δ,Ε,Ζ,Η,Θ,Ι,Κ,Λ,Μ,Ν,Ξ,Ο,Π,Ρ,Σ,Τ,Υ,Φ,Χ,Ψ,Ω,α,β,γ,δ,ε,ζ,η,θ,ι,κ,λ,μ,ν,ξ,ο,π,ρ,ς,σ,τ,υ,φ,χ,ψ,ω,―,‘,’,€",99,KBDHE319.ldml
00000440,Kyrgyz Cyrillic,ky-KG," ,!,"",%,(,),*,+,,,-,.,/,0,1,2,3,4,5,6,7,8,9,:,;,=,?,\,_,Ё,А,Б,В,Г,Д,Е,Ж,З,И,Й,К,Л,М,Н,О,П,Р,С,Т,У,Ф,Х,Ц,Ч,Ш,Щ,Ъ,Ы,Ь,Э,Ю,Я,а,б,в,г,д,е,ж,з,и,й,к,л,м,н,о,п,р,с,т,у,ф,х,ц,ч,ш,щ,ъ,ы,ь,э,ю,я,ё,Ң,ң,Ү,ү,Ө,ө,⃀,№",102,KBDKYR.ldml
000b0c00,Buginese,bug-Bugi," ,!,"",#,$,%,&,',(,),*,+,,,-,.,/,0,1,2,3,4,5,6,7,8,9,:,;,=,?,@,[,\,],^,_,{,|,},~,ᨀ,ᨁ,ᨂ,ᨃ,ᨄ,ᨅ,ᨆ,ᨇ,ᨈ,ᨉ,ᨊ,ᨋ,ᨌ,ᨍ,ᨎ,ᨏ,ᨐ,ᨑ,ᨒ,ᨓ,ᨔ,ᨕ,ᨕ\u{1A17}‍ᨐ,ᨖ,ᨗ,ᨘ,ᨙ,ᨚ,ᨛ,᨞,᨟,ꧏ",72,KBDBUG.ldml
0001041f,Turkish F,tr-TR," ,!,"",#,$,%,&,',(,),*,+,,,-,.,/,0,1,2,3,4,5,6,7,8,9,:,;,<,=,>,?,@,A,B,C,D,E,F,G,H,I,J,K,L,M,N,O,P,Q,R,S,T,U,V,W,X,Y,Z,[,\,\m{^},\m{`},\m{~},\m{¨},\m{´},],_,a,b,c,d,e,f,g,h,i,j,k,l,m,n,o,p,q,r,s,t,u,v,w,x,y,z,{,|,},¡,¢,£,¤,¥,¦,§,©,ª,«,¬,­,®,²,³,µ,¶,¹,º,»,¼,½,¾,¿,Æ,Ç,Ö,×,Ø,Ü,ß,æ,ç,ö,÷,ø,ü,Ğ,ğ,İ,ı,Ş,ş,€,₺",142,KBDTUF.ldml
0000044c,Malayalam,ml-IN," ,(,),,,-,.,0,1,2,3,4,5,6,7,8,9,\u{D4D}ര,ം,ഃ,അ,ആ,ഇ,ഈ,ഉ,ഊ,ഋ,ഌ,എ,ഏ,ഐ,ഒ,ഓ,ഔ,ക,ക\u{D4D}ഷ,ഖ,ഗ,ഘ,ങ,ച,ഛ,ജ,ഝ,ഞ,ട,ഠ,ഡ,ഢ,ണ,ത,ഥ,ദ,ധ,ന,പ,ഫ,ബ,ഭ,മ,യ,ര,റ,ല,ള,ഴ,വ,ശ,ഷ,സ,ഹ,ാ,ി,ീ,ു,ൂ,ൃ,െ,േ,ൈ,ൊ,ോ,ൌ,്,ൗ,ൠ,ൡ,൦,൧,൨,൩,൪,൫,൬,൭,൮,൯,൰,൱,൲,൹,ൺ,ൻ,ർ,ൽ,ൾ,ൿ,‌,‍,₹",109,KBDINMAL.ldml
00010405,Czech (QWERTY),cs-CZ," ,!,"",#,$,%,&,',(,),*,+,,,-,.,/,0,1,2,3,4,5,6,7,8,9,:,;,<,=,>,?,@,A,B,C,D,E,F,G,H,I,J,K,L,M,N,O,P,Q,R,S,T,U,V,W,X,Y,Z,[,\,\m{^},\m{¨},\m{°},\m{´},\m{ˇ},\m{˝},],^,_,`,a,b,c,d,e,f,g,h,i,j,k,l,m,n,o,p,q,r,s,t,u,v,w,x,y,z,{,|,},~,¤,§,Á,É,Í,×,Ú,Ý,ß,á,é,í,÷,ú,ý,Č,č,Ě,ě,Ř,ř,Š,š,Ů,ů,Ž,ž,€",129,KBDCZ1.ldml
00020402,Bulgarian (Phonetic),bg-BG," ,!,"",$,%,',(,),*,+,,,-,.,/,0,1,2,3,4,5,6,7,8,9,:,;,=,?,@,§,Ѝ,А,Б,В,Г,Д,Е,Ж,З,И,Й,К,Л,М,Н,О,П,Р,С,Т,У,Ф,Х,Ц,Ч,Ш,Щ,Ъ,Ь,Ю,Я,а,б,в,г,д,е,ж,з,и,й,к,л,м,н,о,п,р,с,т,у,ф,х,ц,ч,ш,щ,ъ,ь,ю,я,ѝ,–,“,„,€,№",97,KBDBGPH.ldml
00000485,Sakha,sah-RU," ,!,"",(,),+,,,-,.,/,:,;,=,?,\,_,А,Б,В,Г,Д,Дь,Е,Ж,З,И,Й,К,Л,М,Н,Нь,О,П,Р,С,Т,У,Ф,Х,Ц,Ч,Ш,Щ,Ъ,Ы,Ь,Э,Ю,Я,а,б,в,г,д,дь,е,ж,з,и,й,к,л,м,н,нь,о,п,р,с,т,у,ф,х,ц,ч,ш,щ,ъ,ы,ь,э,ю,я,Ҕ,ҕ,Ҥ,ҥ,Ү,ү,Һ,һ,Ө,ө,₽,№",96,KBDYAK.ldml
000c0c00,Gothic,got-Goth," ,!,"",#,$,%,&,',(,),*,+,,,-,.,/,0,1,2,3,4,5,6,7,8,9,:,;,<,=,>,@,[,\,\u{331}̄,],^,_,~,·,̅,𐌰,𐌱,𐌲,𐌳,𐌴,𐌵,𐌶,𐌷,𐌸,𐌹,𐌹\u{308},𐌺,𐌻,𐌼,𐌽,𐌾,𐌿,𐍀,𐍁,𐍂,𐍃,𐍄,𐍅,𐍆,𐍇,𐍈,𐍉,𐍊",69,KBDGTHC.ldml
00001409,NZ Aotearoa,en-NZ," ,!,"",#,$,%,&,',(,),*,+,,,-,.,/,0,1,2,3,4,5,6,7,8,9,:,;,<,=,>,?,@,A,B,C,D,E,F,G,H,I,J,K,L,M,N,O,P,Q,R,S,T,U,V,W,X,Y,Z,[,\,\m{`},],^,_,a,b,c,d,e,f,g,h,i,j,k,l,m,n,o,p,q,r,s,t,u,v,w,x,y,z,{,|,},~",95,KBDMAORI.ldml
0002083b,Sami Extended Finland-Sweden,se-SE," ,!,"",#,$,%,&,',(,),*,+,,,-,.,/,0,1,2,3,4,5,6,7,8,9,:,;,<,=,>,?,@,A,B,C,D,E,F,G,H,I,J,K,L,M,N,O,P,Q,R,S,T,U,V,W,X,Y,Z,[,\,\m{^},\m{`},\m{~},\m{¨},\m{´},\m{ˇ},],_,a,b,c,d,e,f,g,h,i,j,k,l,m,n,o,p,q,r,s,t,u,v,w,x,y,z,{,|,},£,¤,§,µ,½,Á,Â,Ä,Å,Æ,Ï,Õ,Ö,Ø,á,â,ä,å,æ,ï,õ,ö,ø,Č,č,Đ,đ,Ŋ,ŋ,Š,š,Ŧ,ŧ,Ž,ž,Ʒ,Ǥ,ǥ,Ǧ,ǧ,Ǩ,ǩ,Ǯ,ǯ,ʒ,€",144,KBDSMSFI.ldml
00040402,Bulgarian (Phonetic Traditional),bg-BG," ,!,"",$,%,',(,),*,+,,,-,.,/,0,1,2,3,4,5,6,7,8,9,:,;,<,=,>,?,@,_,§,Ѝ,А,Б,В,Г,Д,Е,Ж,З,И,Й,К,Л,М,Н,О,П,Р,С,Т,У,Ф,Х,Ц,Ч,Ш,Щ,Ъ,Ы,Ь,Э,Ю,Я,а,б,в,г,д,е,ж,з,и,й,к,л,м,н,о,п,р,с,т,у,ф,х,ц,ч,ш,щ,ъ,ь,ю,я,ѝ,€,№",99,KBDBGPH1.ldml
0000040f,Icelandic,is-IS," ,!,"",#,$,%,&,',(,),*,+,,,-,.,/,0,1,2,3,4,5,6,7,8,9,:,;,<,=,>,?,@,A,B,C,D,E,F,G,H,I,J,K,L,M,N,O,P,Q,R,S,T,U,V,W,X,Y,Z,[,\,\m{^},\m{`},\m{¨},\m{°},\m{´},],_,a,b,c,d,e,f,g,h,i,j,k,l,m,n,o,p,q,r,s,t,u,v,w,x,y,z,{,|,},~,°,µ,Æ,Ð,Ö,Þ,æ,ð,ö,þ,€",109,KBDIC.ldml
00000408,Greek,el-GR," ,!,"",#,$,%,&,',(,),*,+,,,-,.,/,0,1,2,3,4,5,6,7,8,9,:,;,<,=,>,?,@,[,\,\m{¨},\m{΄},\m{΅},],^,_,`,{,|,},~,£,¤,¥,¦,§,©,«,¬,®,°,±,²,³,¶,»,½,Α,Β,Γ,Δ,Ε,Ζ,Η,Θ,Ι,Κ,Λ,Μ,Ν,Ξ,Ο,Π,Ρ,Σ,Τ,Υ,Φ,Χ,Ψ,Ω,α,β,γ,δ,ε,ζ,η,θ,ι,κ,λ,μ,ν,ξ,ο,π,ρ,ς,σ,τ,υ,φ,χ,ψ,ω,€",112,KBDHE.ldml
00030449,Tamil Anjal,ta-IN," ,!,"",#,$,%,&,',(,),*,+,,,-,.,/,0,1,2,3,4,5,6,7,8,9,:,;,<,=,>,?,@,A,B,C,D,E,F,G,H,I,J,K,L,L\u{325},M,N,O,P,Q,R,R\u{325},S,T,U,V,W,X,Y,Z,[,\,\m{""},\m{'},\m{,},\m{-},\m{.},\m{/},\m{<},\m{`},\m{~},\m{ˆ},\m{ˍ},\m{˘},],^,_,`,a,b,c,d,e,f,g,h,i,j,k,l,l\u{325},m,n,o,p,q,r,r\u{325},s,t,u,v,w,x,y,z,{,|,},~,§,Æ,Ñ,æ,ñ,Ā,ā,Ē,ē,Ī,ī,Ō,ō,Ś,ś,Ū,ū,Ḍ,ḍ,Ḥ,ḥ,Ṁ,ṁ,Ṅ,ṅ,Ṇ,ṇ,Ṣ,ṣ,Ṭ,ṭ,–,—,₹",145,KBDINEN.ldml
0001083b,Finnish with Sami,se-SE," ,!,"",#,$,%,&,',(,),*,+,,,-,.,/,0,1,2,3,4,5,6,7,8,9,:,;,<,=,>,?,@,A,B,C,D,E,F,G,H,I,J,K,L,M,N,O,P,Q,R,S,T,U,V,W,X,Y,Z,[,\,\m{^},\m{`},\m{~},\m{¨},\m{´},],_,a,b,c,d,e,f,g,h,i,j,k,l,m,n,o,p,q,r,s,t,u,v,w,x,y,z,{,|,},£,¤,§,µ,½,Á,Â,Ä,Å,Æ,Ï,Õ,Ö,Ø,á,â,ä,å,æ,ï,õ,ö,ø,Č,č,Đ,đ,Ŋ,ŋ,Š,š,Ŧ,ŧ,Ž,ž,Ʒ,Ǥ,ǥ,Ǧ,ǧ,Ǩ,ǩ,Ǯ,ǯ,Ȟ,ȟ,ʒ,€",145,KBDFI1.ldml
0000040a,Spanish,es-ES," ,!,"",#,$,%,&,',(,),*,+,,,-,.,/,0,1,2,3,4,5,6,7,8,9,:,;,<,=,>,?,@,A,B,C,D,E,F,G,H,I,J,K,L,M,N,O,P,Q,R,S,T,U,V,W,X,Y,Z,[,\,\m{^},\m{`},\m{~},\m{¨},\m{´},],_,a,b,c,d,e,f,g,h,i,j,k,l,m,n,o,p,q,r,s,t,u,v,w,x,y,z,{,|,},¡,ª,¬,·,º,¿,Ç,Ñ,ç,ñ,€",108,KBDSP.ldml
00020445,Bangla – INSCRIPT,bn-IN," ,!,(,),,,-,.,@,\u{9CD}র,।,॥,ঁ,ং,ঃ,অ,অ\u{9CD}য\u{9BE},আ,ই,ঈ,উ,ঊ,ঋ,এ,ঐ,ও,ঔ,ক,ক\u{9CD}ষ,খ,গ,ঘ,ঙ,চ,ছ,জ,জ\u{9CD}ঞ,ঝ,ঞ,ট,ঠ,ড,ঢ,ণ,ত,ত\u{9CD}র,থ,দ,ধ,ন,প,ফ,ব,ভ,ম,য,র,র\u{9CD},ল,শ,শ\u{9CD}র,ষ,স,হ,়,া,ি,ী,ু,ূ,ৃ,ে,ৈ,ো,ৌ,্,ৎ,য়,০,১,২,৩,৪,৫,৬,৭,৮,৯,‌,‍,₹",90,KBDINBE2.ldml
00000461,Nepali,ne-NP," ,!,"",#,$,%,&,',(,),*,+,,,-,.,0,1,2,3,4,5,6,7,8,9,=,?,@,\u{94D}र,^,ँ,ं,ः,अ,आ,इ,ई,उ,ऊ,ऋ,ए,ऐ,ओ,औ,क,क\u{94D},क\u{94D}ष,ख,ख\u{94D},ग,ग\u{94D},घ,ङ,च,च\u{94D},छ,ज,ज\u{94D},ज\u{94D}ञ,झ,ञ,ञ\u{94D},ट,ठ,ड,ढ,ण,त,त\u{94D},त\u{94D}र,थ,थ\u{94D},द,द\u{94D},ध,ध\u{94D},न,न\u{94D},प,प\u{94D},फ,ब,ब\u{94D},भ,भ\u{94D},म,म\u{94D},य,र,र\u{942},र\u{94D},ल,ल\u{94D},व,व\u{94D},श,श\u{94D},श\u{94D}र,ष,स,स\u{94D},ह,ह\u{94D},ा,ि,ी,ु,ू,ृ,े,ै,ो,ौ,्,।,०,१,२,३,४,५,६,७,८,९",125,KBDNEPR.ldml
00000816,Portuguese,pt-PT," ,!,"",#,$,%,&,',(,),*,+,,,-,.,/,0,1,2,3,4,5,6,7,8,9,:,;,<,=,>,?,@,A,B,C,D,E,F,G,H,I,J,K,L,M,N,O,P,Q,R,S,T,U,V,W,X,Y,Z,[,\,\m{^},\m{`},\m{~},\m{¨},\m{´},],_,a,b,c,d,e,f,g,h,i,j,k,l,m,n,o,p,q,r,s,t,u,v,w,x,y,z,{,|,},£,§,ª,«,º,»,Ç,ç,€",106,KBDPO.ldml
0000085d,Inuktitut - Latin,iu-Latn-CA," ,!,"",#,$,%,&,',(,),*,+,,,-,.,/,0,1,2,3,4,5,6,7,8,9,:,;,<,=,>,?,@,A,B,C,D,E,F,G,H,I,J,K,L,M,N,O,P,Q,R,S,T,U,V,W,X,Y,Z,[,\,],^,_,`,a,b,c,d,e,f,g,h,i,j,k,l,m,n,o,p,q,r,s,t,u,v,w,x,y,z,{,|,},~,¢,©,®,¼,½,¾,÷,Ł,ł,Ŋ,ŋ,ᐃ,ᐄ,ᐅ,ᐆ,ᐊ,ᐋ,ᐞ,ᐱ,ᐲ,ᐳ,ᐴ,ᐸ,ᐹ,ᑉ,ᑎ,ᑏ,ᑐ,ᑑ,ᑕ,ᑖ,ᑦ,ᑭ,ᑮ,ᑯ,ᑰ,ᑲ,ᑳ,ᒃ,ᒋ,ᒌ,ᒍ,ᒎ,ᒐ,ᒑ,ᒡ,ᒥ,ᒦ,ᒧ,ᒨ,ᒪ,ᒫ,ᒻ,ᓂ,ᓃ,ᓄ,ᓅ,ᓇ,ᓈ,ᓐ,ᓕ,ᓖ,ᓗ,ᓘ,ᓚ,ᓛ,ᓪ,ᓯ,ᓰ,ᓱ,ᓲ,ᓴ,ᓵ,ᔅ,ᔨ,ᔩ,ᔪ,ᔫ,ᔭ,ᔮ,ᔾ,ᕆ,ᕇ,ᕈ,ᕉ,ᕋ,ᕌ,ᕐ,ᕕ,ᕖ,ᕗ,ᕘ,ᕙ,ᕚ,ᕝ,ᕼ,ᕿ,ᖀ,ᖁ,ᖂ,ᖃ,ᖄ,ᖅ,ᖏ,ᖐ,ᖑ,ᖒ,ᖓ,ᖔ,ᖕ,ᖖ,ᖠ,ᖡ,ᖢ,ᖣ,ᖤ,ᖥ,ᖦ,ᙱ,ᙲ,ᙳ,ᙴ,ᙵ,ᙶ,‘,’,“,”,•,⅔,−",226,KBDIULAT.ldml
0001041e,Thai Pattachote,th-TH," ,"",%,(,),+,,,-,.,/,=,?,_,ก,ข,ค,ฆ,ง,จ,ฉ,ช,ซ,ฌ,ญ,ฎ,ฏ,ฐ,ฑ,ฒ,ณ,ด,ต,ถ,ท,ธ,น,บ,ป,ผ,ฝ,พ,ฟ,ภ,ม,ย,ร,ฤ,ล,ฦ,ว,ศ,ษ,ส,ห,ฬ,อ,ฮ,ฯ,ะ,ั,า,ำ,ิ,ี,ึ,ื,ุ,ู,฿,เ,แ,โ,ใ,ไ,ๆ,็,่,้,๊,๋,์,ํ,๐,๑,๒,๓,๔,๕,๖,๗,๘,๙,",93,KBDTH1.ldml
00000418,Romanian (Legacy),ro-RO," ,!,"",#,$,%,&,',(,),*,+,,,-,.,/,0,1,2,3,4,5,6,7,8,9,:,;,<,=,>,?,@,A,B,C,D,E,F,G,H,I,J,K,L,M,N,O,P,Q,R,S,T,U,V,W,X,Y,Z,[,\,\m{^},\m{¨},\m{°},\m{´},\m{·},\m{¸},\m{ˇ},\m{˘},\m{˛},\m{˝},],_,`,a,b,c,d,e,f,g,h,i,j,k,l,m,n,o,p,q,r,s,t,u,v,w,x,y,z,{,|,},~,¤,§,Â,Î,×,ß,â,î,÷,Ă,ă,Đ,đ,Ł,ł,Ş,ş,Ţ,ţ",123,KBDRO.ldml
00140c00,ADLaM,ff-Adlm," ,!,"",#,$,%,&,',(,),*,+,-,.,/,:,<,=,>,@,[,\,\m{`},],^,_,{,},~,«,»,؟,⁏,⸨,⸩,⹁,,,,,,,,,,,,,,,,,,,,,,𞤀,𞤁,𞤂,𞤃,𞤄,𞤅,𞤆,𞤇,𞤈,𞤉,𞤊,𞤋,𞤌,𞤍,𞤎,𞤏,𞤐,𞤑,𞤒,𞤓,𞤔,𞤕,𞤖,𞤗,𞤘,𞤙,𞤚,𞤛,𞤢,𞤣,𞤤,𞤥,𞤦,𞤧,𞤨,𞤩,𞤪,𞤫,𞤬,𞤭,𞤮,𞤯,𞤰,𞤱,𞤲,𞤳,𞤴,𞤵,𞤶,𞤷,𞤸,𞤹,𞤺,𞤻,𞤼,𞤽,𞥋,𞥐,𞥑,𞥒,𞥓,𞥔,𞥕,𞥖,𞥗,𞥘,𞥙",124,KBDADLM.ldml
00010453,Khmer (NIDA),km-KH," ,!,"",$,%,(,),*,,,-,.,/,=,?,@,\,\u{17B6}ំ,\u{17BB}ំ,\u{17BB}ះ,\u{17C1}ះ,\u{17C4}ះ,{,}, ,«,»,×,ក,ខ,គ,ឃ,ង,ច,ឆ,ជ,ឈ,ញ,ដ,ឋ,ឌ,ឍ,ណ,ត,ថ,ទ,ធ,ន,ប,ផ,ព,ភ,ម,យ,រ,ល,វ,ស,ហ,ឡ,អ,ឥ,ឦ,ឧ,ឩ,ឪ,ឫ,ឬ,ឭ,ឮ,ឯ,ឰ,ឱ,ឲ,ឳ,ា,ិ,ី,ឹ,ឺ,ុ,ូ,ួ,ើ,ឿ,ៀ,េ,ែ,ៃ,ោ,ៅ,ំ,ះ,ៈ,៉,៊,់,៌,៍,៎,៏,័,៑,្,។,៕,៖,ៗ,៙,៚,៛,០,១,២,៣,៤,៥,៦,៧,៨,៩,​,‌,‍,€",124,KBDKNI.ldml
00020c00,New Tai Lue,khb-Talu," ,*,+,-,/,=,[,],{,|,},ᦀ,ᦁ,ᦂ,ᦃ,ᦄ,ᦅ,ᦆ,ᦇ,ᦈ,ᦉ,ᦊ,ᦋ,ᦌ,ᦍ,ᦎ,ᦏ,ᦐ,ᦑ,ᦒ,ᦓ,ᦔ,ᦕ,ᦖ,ᦗ,ᦘ,ᦙ,ᦚ,ᦛ,ᦜ,ᦝ,ᦞ,ᦟ,ᦠ,ᦡ,ᦢ,ᦣ,ᦤ,ᦥ,ᦦ,ᦧ,ᦨ,ᦩ,ᦪ,ᦫ,ᦰ,ᦱ,ᦲ,ᦳ,ᦴ,ᦵ,ᦶ,ᦷ,ᦸ,ᦹ,ᦺ,ᦻ,ᦼ,ᦽ,ᦾ,ᦿ,ᧀ,ᧁ,ᧂ,ᧃ,ᧄ,ᧅ,ᧆ,ᧇ,ᧈ,ᧉ,᧐,᧑,᧒,᧓,᧔,᧕,᧖,᧗,᧘,᧙,᧚,᧞,᧟,—,’‘,“”,…,、,。,《,》,！,＃,＄,％,＆,（,）,，,：,；,？,＠,～",115,KBDNTL.ldml
00001009,Canadian French,en-CA," ,!,"",#,$,%,&,',(,),*,+,,,-,.,/,0,1,2,3,4,5,6,7,8,9,:,;,<,=,>,?,@,A,B,C,D,E,F,G,H,I,J,K,L,M,N,O,P,Q,R,S,T,U,V,W,X,Y,Z,[,\,\m{^},\m{`},\m{¨},\m{´},\m{¸},],_,a,b,c,d,e,f,g,h,i,j,k,l,m,n,o,p,q,r,s,t,u,v,w,x,y,z,{,|,},~,¢,£,¤,¦,§,«,¬,­,¯,°,±,²,³,µ,¶,»,¼,½,¾,É,é,€",120,KBDCA.ldml
00120c00,Futhark,gem-Runr," ,-,0,\m{\},\m{|},ᚠ,ᚢ,ᚦ,ᚨ,ᚬ,ᚱ,ᚲ,ᚴ,ᚷ,ᚹ,ᚺ,ᚻ,ᚼ,ᚾ,ᛁ,ᛃ,ᛅ,ᛇ,ᛈ,ᛉ,ᛊ,ᛋ,ᛏ,ᛒ,ᛖ,ᛗ,ᛘ,ᛚ,ᛜ,ᛝ,ᛞ,ᛟ,ᛦ,᛫,᛬,᛭,ᛮ,ᛯ,ᛰ",44,KBDFTHRK.ldml
00000439,Devanagari - INSCRIPT,hi-IN," ,(,),,,-,.,0,1,2,3,4,5,6,7,8,9,\u{94D}र,ँ,ं,ः,अ,आ,इ,ई,उ,ऊ,ऋ,ऌ,ऍ,ऎ,ए,ऐ,ऑ,ऒ,ओ,औ,क,क\u{94D}ष,ख,ग,घ,ङ,च,छ,ज,ज\u{94D}ञ,झ,ञ,ट,ठ,ड,ढ,ण,त,त\u{94D}र,थ,द,ध,न,ऩ,प,फ,ब,भ,म,य,र,र\u{94D},ऱ,ल,ळ,ऴ,व,श,श\u{94D}र,ष,स,ह,़,ऽ,ा,ि,ी,ु,ू,ृ,ॄ,ॅ,ॆ,े,ै,ॉ,ॊ,ो,ौ,्,ॐ,॑,॒,॓,॔,क़,ख़,ग़,ज़,ड़,ढ़,फ़,य़,ॠ,ॡ,ॢ,ॣ,।,॥,०,१,२,३,४,५,६,७,८,९,॰,‌,‍,₹",129,KBDINDEV.ldml
00010416,Portuguese (Brazil ABNT2),pt-BR," ,!,"",#,$,%,&,',(,),*,+,,,-,.,/,0,1,2,3,4,5,6,7,8,9,:,;,<,=,>,?,@,A,B,C,D,E,F,G,H,I,J,K,L,M,N,O,P,Q,R,S,T,U,V,W,X,Y,Z,[,\,\m{^},\m{`},\m{~},\m{¨},\m{´},],_,a,b,c,d,e,f,g,h,i,j,k,l,m,n,o,p,q,r,s,t,u,v,w,x,y,z,{,|,},¢,£,§,ª,¬,°,²,³,¹,º,Ç,ç,₢",110,KBDBR.ldml
00020419,Russian - Mnemonic,ru-RU," ,!,"",%,(,),*,+,,,-,.,/,0,1,2,3,4,5,6,7,8,9,:,;,<,=,>,?,[,\,\m{¨},\m{Й},\m{С},\m{Ц},\m{Ы},\m{й},\m{с},\m{ц},\m{ы},],_,{,},А,Б,В,Г,Д,Е,Ж,З,И,К,Л,М,Н,О,П,Р,Т,У,Ф,Х,Ш,Ъ,Ь,Я,а,б,в,г,д,е,ж,з,и,к,л,м,н,о,п,р,т,у,ф,х,ш,ъ,ь,я,’,₽,№",94,KBDRUM.ldml
